--
-- PostgreSQL database dump
--

-- Dumped from database version 12.18 (Ubuntu 12.18-0ubuntu0.20.04.1)
-- Dumped by pg_dump version 12.18 (Ubuntu 12.18-0ubuntu0.20.04.1)

SET statement_timeout = 0;
SET lock_timeout = 0;
SET idle_in_transaction_session_timeout = 0;
SET client_encoding = 'UTF8';
SET standard_conforming_strings = on;
SELECT pg_catalog.set_config('search_path', '', false);
SET check_function_bodies = false;
SET xmloption = content;
SET client_min_messages = warning;
SET row_security = off;

SET default_tablespace = '';

SET default_table_access_method = heap;

--
-- Name: admin_interface_theme; Type: TABLE; Schema: public; Owner: wnhr
--

CREATE TABLE public.admin_interface_theme (
    id integer NOT NULL,
    name character varying(50) NOT NULL,
    active boolean NOT NULL,
    title character varying(50) NOT NULL,
    title_visible boolean NOT NULL,
    logo character varying(100) NOT NULL,
    logo_visible boolean NOT NULL,
    css_header_background_color character varying(10) NOT NULL,
    title_color character varying(10) NOT NULL,
    css_header_text_color character varying(10) NOT NULL,
    css_header_link_color character varying(10) NOT NULL,
    css_header_link_hover_color character varying(10) NOT NULL,
    css_module_background_color character varying(10) NOT NULL,
    css_module_text_color character varying(10) NOT NULL,
    css_module_link_color character varying(10) NOT NULL,
    css_module_link_hover_color character varying(10) NOT NULL,
    css_module_rounded_corners boolean NOT NULL,
    css_generic_link_color character varying(10) NOT NULL,
    css_generic_link_hover_color character varying(10) NOT NULL,
    css_save_button_background_color character varying(10) NOT NULL,
    css_save_button_background_hover_color character varying(10) NOT NULL,
    css_save_button_text_color character varying(10) NOT NULL,
    css_delete_button_background_color character varying(10) NOT NULL,
    css_delete_button_background_hover_color character varying(10) NOT NULL,
    css_delete_button_text_color character varying(10) NOT NULL,
    list_filter_dropdown boolean NOT NULL,
    related_modal_active boolean NOT NULL,
    related_modal_background_color character varying(10) NOT NULL,
    related_modal_rounded_corners boolean NOT NULL,
    logo_color character varying(10) NOT NULL,
    recent_actions_visible boolean NOT NULL,
    favicon character varying(100) NOT NULL,
    related_modal_background_opacity character varying(5) NOT NULL,
    env_name character varying(50) NOT NULL,
    env_visible_in_header boolean NOT NULL,
    env_color character varying(10) NOT NULL,
    env_visible_in_favicon boolean NOT NULL,
    related_modal_close_button_visible boolean NOT NULL,
    language_chooser_active boolean NOT NULL,
    language_chooser_display character varying(10) NOT NULL,
    list_filter_sticky boolean NOT NULL,
    form_pagination_sticky boolean NOT NULL,
    form_submit_sticky boolean NOT NULL,
    css_module_background_selected_color character varying(10) NOT NULL,
    css_module_link_selected_color character varying(10) NOT NULL,
    logo_max_height smallint NOT NULL,
    logo_max_width smallint NOT NULL,
    foldable_apps boolean NOT NULL,
    language_chooser_control character varying(20) NOT NULL,
    list_filter_highlight boolean NOT NULL,
    list_filter_removal_links boolean NOT NULL,
    show_fieldsets_as_tabs boolean NOT NULL,
    show_inlines_as_tabs boolean NOT NULL,
    css_generic_link_active_color character varying(10) NOT NULL,
    collapsible_stacked_inlines boolean NOT NULL,
    collapsible_stacked_inlines_collapsed boolean NOT NULL,
    collapsible_tabular_inlines boolean NOT NULL,
    collapsible_tabular_inlines_collapsed boolean NOT NULL,
    CONSTRAINT admin_interface_theme_logo_max_height_check CHECK ((logo_max_height >= 0)),
    CONSTRAINT admin_interface_theme_logo_max_width_check CHECK ((logo_max_width >= 0))
);


ALTER TABLE public.admin_interface_theme OWNER TO wnhr;

--
-- Name: admin_interface_theme_id_seq; Type: SEQUENCE; Schema: public; Owner: wnhr
--

ALTER TABLE public.admin_interface_theme ALTER COLUMN id ADD GENERATED BY DEFAULT AS IDENTITY (
    SEQUENCE NAME public.admin_interface_theme_id_seq
    START WITH 1
    INCREMENT BY 1
    NO MINVALUE
    NO MAXVALUE
    CACHE 1
);


--
-- Name: auth_group; Type: TABLE; Schema: public; Owner: wnhr
--

CREATE TABLE public.auth_group (
    id integer NOT NULL,
    name character varying(150) NOT NULL
);


ALTER TABLE public.auth_group OWNER TO wnhr;

--
-- Name: auth_group_id_seq; Type: SEQUENCE; Schema: public; Owner: wnhr
--

ALTER TABLE public.auth_group ALTER COLUMN id ADD GENERATED BY DEFAULT AS IDENTITY (
    SEQUENCE NAME public.auth_group_id_seq
    START WITH 1
    INCREMENT BY 1
    NO MINVALUE
    NO MAXVALUE
    CACHE 1
);


--
-- Name: auth_group_permissions; Type: TABLE; Schema: public; Owner: wnhr
--

CREATE TABLE public.auth_group_permissions (
    id bigint NOT NULL,
    group_id integer NOT NULL,
    permission_id integer NOT NULL
);


ALTER TABLE public.auth_group_permissions OWNER TO wnhr;

--
-- Name: auth_group_permissions_id_seq; Type: SEQUENCE; Schema: public; Owner: wnhr
--

ALTER TABLE public.auth_group_permissions ALTER COLUMN id ADD GENERATED BY DEFAULT AS IDENTITY (
    SEQUENCE NAME public.auth_group_permissions_id_seq
    START WITH 1
    INCREMENT BY 1
    NO MINVALUE
    NO MAXVALUE
    CACHE 1
);


--
-- Name: auth_permission; Type: TABLE; Schema: public; Owner: wnhr
--

CREATE TABLE public.auth_permission (
    id integer NOT NULL,
    name character varying(255) NOT NULL,
    content_type_id integer NOT NULL,
    codename character varying(100) NOT NULL
);


ALTER TABLE public.auth_permission OWNER TO wnhr;

--
-- Name: auth_permission_id_seq; Type: SEQUENCE; Schema: public; Owner: wnhr
--

ALTER TABLE public.auth_permission ALTER COLUMN id ADD GENERATED BY DEFAULT AS IDENTITY (
    SEQUENCE NAME public.auth_permission_id_seq
    START WITH 1
    INCREMENT BY 1
    NO MINVALUE
    NO MAXVALUE
    CACHE 1
);


--
-- Name: authtoken_token; Type: TABLE; Schema: public; Owner: wnhr
--

CREATE TABLE public.authtoken_token (
    key character varying(40) NOT NULL,
    created timestamp with time zone NOT NULL,
    user_id character varying(255) NOT NULL
);


ALTER TABLE public.authtoken_token OWNER TO wnhr;

--
-- Name: base_employee; Type: TABLE; Schema: public; Owner: wnhr
--

CREATE TABLE public.base_employee (
    "EmpID" integer NOT NULL,
    "EmpName" character varying(255) NOT NULL,
    "Phone" character varying(15),
    "HireDate" date,
    "BirthDate" date,
    "Address" character varying(255),
    "PhotoPath" character varying(100) NOT NULL,
    "Email" character varying(254) NOT NULL,
    "EmpStatus" character varying(200) NOT NULL,
    "DepID_id" integer,
    "JobID_id" integer,
    "BankName" character varying(100),
    "BankAccountNumber" character varying(50),
    "Gender" character varying(12),
    "RoleID_id" integer,
    "TaxCode" character varying(100),
    "CCCD" character varying(12) NOT NULL
);


ALTER TABLE public.base_employee OWNER TO wnhr;

--
-- Name: base_employee_EmpID_seq; Type: SEQUENCE; Schema: public; Owner: wnhr
--

ALTER TABLE public.base_employee ALTER COLUMN "EmpID" ADD GENERATED BY DEFAULT AS IDENTITY (
    SEQUENCE NAME public."base_employee_EmpID_seq"
    START WITH 1
    INCREMENT BY 1
    NO MINVALUE
    NO MAXVALUE
    CACHE 1
);


--
-- Name: base_project; Type: TABLE; Schema: public; Owner: wnhr
--

CREATE TABLE public.base_project (
    proj_id integer NOT NULL,
    proj_name character varying(20) NOT NULL,
    proj_value integer NOT NULL,
    date_start date NOT NULL,
    date_end date NOT NULL,
    proj_description character varying(200) NOT NULL,
    complete character varying(20) NOT NULL,
    manager_id_id integer
);


ALTER TABLE public.base_project OWNER TO wnhr;

--
-- Name: base_project_proj_id_seq; Type: SEQUENCE; Schema: public; Owner: wnhr
--

ALTER TABLE public.base_project ALTER COLUMN proj_id ADD GENERATED BY DEFAULT AS IDENTITY (
    SEQUENCE NAME public.base_project_proj_id_seq
    START WITH 1
    INCREMENT BY 1
    NO MINVALUE
    NO MAXVALUE
    CACHE 1
);


--
-- Name: base_task; Type: TABLE; Schema: public; Owner: wnhr
--

CREATE TABLE public.base_task (
    id bigint NOT NULL,
    description text NOT NULL,
    proj_id_id integer,
    user_id_id integer
);


ALTER TABLE public.base_task OWNER TO wnhr;

--
-- Name: base_task_id_seq; Type: SEQUENCE; Schema: public; Owner: wnhr
--

ALTER TABLE public.base_task ALTER COLUMN id ADD GENERATED BY DEFAULT AS IDENTITY (
    SEQUENCE NAME public.base_task_id_seq
    START WITH 1
    INCREMENT BY 1
    NO MINVALUE
    NO MAXVALUE
    CACHE 1
);


--
-- Name: base_useraccount; Type: TABLE; Schema: public; Owner: wnhr
--

CREATE TABLE public.base_useraccount (
    password character varying(128) NOT NULL,
    is_superuser boolean NOT NULL,
    "UserID" character varying(255) NOT NULL,
    "UserStatus" boolean NOT NULL,
    "EmpID_id" integer NOT NULL,
    is_staff boolean NOT NULL
);


ALTER TABLE public.base_useraccount OWNER TO wnhr;

--
-- Name: base_useraccount_groups; Type: TABLE; Schema: public; Owner: wnhr
--

CREATE TABLE public.base_useraccount_groups (
    id bigint NOT NULL,
    useraccount_id character varying(255) NOT NULL,
    group_id integer NOT NULL
);


ALTER TABLE public.base_useraccount_groups OWNER TO wnhr;

--
-- Name: base_useraccount_groups_id_seq; Type: SEQUENCE; Schema: public; Owner: wnhr
--

ALTER TABLE public.base_useraccount_groups ALTER COLUMN id ADD GENERATED BY DEFAULT AS IDENTITY (
    SEQUENCE NAME public.base_useraccount_groups_id_seq
    START WITH 1
    INCREMENT BY 1
    NO MINVALUE
    NO MAXVALUE
    CACHE 1
);


--
-- Name: base_useraccount_user_permissions; Type: TABLE; Schema: public; Owner: wnhr
--

CREATE TABLE public.base_useraccount_user_permissions (
    id bigint NOT NULL,
    useraccount_id character varying(255) NOT NULL,
    permission_id integer NOT NULL
);


ALTER TABLE public.base_useraccount_user_permissions OWNER TO wnhr;

--
-- Name: base_useraccount_user_permissions_id_seq; Type: SEQUENCE; Schema: public; Owner: wnhr
--

ALTER TABLE public.base_useraccount_user_permissions ALTER COLUMN id ADD GENERATED BY DEFAULT AS IDENTITY (
    SEQUENCE NAME public.base_useraccount_user_permissions_id_seq
    START WITH 1
    INCREMENT BY 1
    NO MINVALUE
    NO MAXVALUE
    CACHE 1
);


--
-- Name: department_department; Type: TABLE; Schema: public; Owner: wnhr
--

CREATE TABLE public.department_department (
    "DepID" integer NOT NULL,
    "DepName" character varying(255) NOT NULL,
    "DepShortName" character varying(3) NOT NULL,
    "ManageID_id" integer
);


ALTER TABLE public.department_department OWNER TO wnhr;

--
-- Name: department_department_DepID_seq; Type: SEQUENCE; Schema: public; Owner: wnhr
--

ALTER TABLE public.department_department ALTER COLUMN "DepID" ADD GENERATED BY DEFAULT AS IDENTITY (
    SEQUENCE NAME public."department_department_DepID_seq"
    START WITH 1
    INCREMENT BY 1
    NO MINVALUE
    NO MAXVALUE
    CACHE 1
);


--
-- Name: django_admin_log; Type: TABLE; Schema: public; Owner: wnhr
--

CREATE TABLE public.django_admin_log (
    id integer NOT NULL,
    action_time timestamp with time zone NOT NULL,
    object_id text,
    object_repr character varying(200) NOT NULL,
    action_flag smallint NOT NULL,
    change_message text NOT NULL,
    content_type_id integer,
    user_id character varying(255) NOT NULL,
    CONSTRAINT django_admin_log_action_flag_check CHECK ((action_flag >= 0))
);


ALTER TABLE public.django_admin_log OWNER TO wnhr;

--
-- Name: django_admin_log_id_seq; Type: SEQUENCE; Schema: public; Owner: wnhr
--

ALTER TABLE public.django_admin_log ALTER COLUMN id ADD GENERATED BY DEFAULT AS IDENTITY (
    SEQUENCE NAME public.django_admin_log_id_seq
    START WITH 1
    INCREMENT BY 1
    NO MINVALUE
    NO MAXVALUE
    CACHE 1
);


--
-- Name: django_content_type; Type: TABLE; Schema: public; Owner: wnhr
--

CREATE TABLE public.django_content_type (
    id integer NOT NULL,
    app_label character varying(100) NOT NULL,
    model character varying(100) NOT NULL
);


ALTER TABLE public.django_content_type OWNER TO wnhr;

--
-- Name: django_content_type_id_seq; Type: SEQUENCE; Schema: public; Owner: wnhr
--

ALTER TABLE public.django_content_type ALTER COLUMN id ADD GENERATED BY DEFAULT AS IDENTITY (
    SEQUENCE NAME public.django_content_type_id_seq
    START WITH 1
    INCREMENT BY 1
    NO MINVALUE
    NO MAXVALUE
    CACHE 1
);


--
-- Name: django_migrations; Type: TABLE; Schema: public; Owner: wnhr
--

CREATE TABLE public.django_migrations (
    id bigint NOT NULL,
    app character varying(255) NOT NULL,
    name character varying(255) NOT NULL,
    applied timestamp with time zone NOT NULL
);


ALTER TABLE public.django_migrations OWNER TO wnhr;

--
-- Name: django_migrations_id_seq; Type: SEQUENCE; Schema: public; Owner: wnhr
--

ALTER TABLE public.django_migrations ALTER COLUMN id ADD GENERATED BY DEFAULT AS IDENTITY (
    SEQUENCE NAME public.django_migrations_id_seq
    START WITH 1
    INCREMENT BY 1
    NO MINVALUE
    NO MAXVALUE
    CACHE 1
);


--
-- Name: django_session; Type: TABLE; Schema: public; Owner: wnhr
--

CREATE TABLE public.django_session (
    session_key character varying(40) NOT NULL,
    session_data text NOT NULL,
    expire_date timestamp with time zone NOT NULL
);


ALTER TABLE public.django_session OWNER TO wnhr;

--
-- Name: job_job; Type: TABLE; Schema: public; Owner: wnhr
--

CREATE TABLE public.job_job (
    "JobID" integer NOT NULL,
    "JobName" character varying(255) NOT NULL,
    "DepID_id" integer,
    "Descriptions" character varying(1000)
);


ALTER TABLE public.job_job OWNER TO wnhr;

--
-- Name: job_job_JobID_seq; Type: SEQUENCE; Schema: public; Owner: wnhr
--

ALTER TABLE public.job_job ALTER COLUMN "JobID" ADD GENERATED BY DEFAULT AS IDENTITY (
    SEQUENCE NAME public."job_job_JobID_seq"
    START WITH 1
    INCREMENT BY 1
    NO MINVALUE
    NO MAXVALUE
    CACHE 1
);


--
-- Name: leave_leaverequest; Type: TABLE; Schema: public; Owner: wnhr
--

CREATE TABLE public.leave_leaverequest (
    "LeaveRequestID" integer NOT NULL,
    "LeaveStartDate" date NOT NULL,
    "LeaveEndDate" date NOT NULL,
    "Reason" character varying(500) NOT NULL,
    "LeaveStatus" character varying(255) NOT NULL,
    "EmpID_id" integer NOT NULL,
    "LeaveTypeID_id" integer NOT NULL,
    "Duration" integer
);


ALTER TABLE public.leave_leaverequest OWNER TO wnhr;

--
-- Name: leave_leaverequest_LeaveRequestID_seq; Type: SEQUENCE; Schema: public; Owner: wnhr
--

ALTER TABLE public.leave_leaverequest ALTER COLUMN "LeaveRequestID" ADD GENERATED BY DEFAULT AS IDENTITY (
    SEQUENCE NAME public."leave_leaverequest_LeaveRequestID_seq"
    START WITH 1
    INCREMENT BY 1
    NO MINVALUE
    NO MAXVALUE
    CACHE 1
);


--
-- Name: leave_type_leavetype; Type: TABLE; Schema: public; Owner: wnhr
--

CREATE TABLE public.leave_type_leavetype (
    "LeaveTypeID" integer NOT NULL,
    "LeaveTypeName" character varying(255) NOT NULL,
    "LeaveTypeDescription" character varying(1000) NOT NULL,
    "LimitedDuration" integer NOT NULL
);


ALTER TABLE public.leave_type_leavetype OWNER TO wnhr;

--
-- Name: leave_type_leavetype_LeaveTypeID_seq; Type: SEQUENCE; Schema: public; Owner: wnhr
--

ALTER TABLE public.leave_type_leavetype ALTER COLUMN "LeaveTypeID" ADD GENERATED BY DEFAULT AS IDENTITY (
    SEQUENCE NAME public."leave_type_leavetype_LeaveTypeID_seq"
    START WITH 1
    INCREMENT BY 1
    NO MINVALUE
    NO MAXVALUE
    CACHE 1
);


--
-- Name: role_role; Type: TABLE; Schema: public; Owner: wnhr
--

CREATE TABLE public.role_role (
    "RoleID" integer NOT NULL,
    "RoleName" character varying(200) NOT NULL
);


ALTER TABLE public.role_role OWNER TO wnhr;

--
-- Name: role_role_RoleID_seq; Type: SEQUENCE; Schema: public; Owner: wnhr
--

ALTER TABLE public.role_role ALTER COLUMN "RoleID" ADD GENERATED BY DEFAULT AS IDENTITY (
    SEQUENCE NAME public."role_role_RoleID_seq"
    START WITH 1
    INCREMENT BY 1
    NO MINVALUE
    NO MAXVALUE
    CACHE 1
);


--
-- Name: salary_salaryhistory; Type: TABLE; Schema: public; Owner: wnhr
--

CREATE TABLE public.salary_salaryhistory (
    id bigint NOT NULL,
    "SalFrom" date NOT NULL,
    "SalEnd" date NOT NULL,
    "SalAmount" double precision NOT NULL,
    "EmpID_id" integer NOT NULL
);


ALTER TABLE public.salary_salaryhistory OWNER TO wnhr;

--
-- Name: salary_salaryhistory_id_seq; Type: SEQUENCE; Schema: public; Owner: wnhr
--

ALTER TABLE public.salary_salaryhistory ALTER COLUMN id ADD GENERATED BY DEFAULT AS IDENTITY (
    SEQUENCE NAME public.salary_salaryhistory_id_seq
    START WITH 1
    INCREMENT BY 1
    NO MINVALUE
    NO MAXVALUE
    CACHE 1
);


--
-- Name: schedule_configschedule; Type: TABLE; Schema: public; Owner: wnhr
--

CREATE TABLE public.schedule_configschedule (
    id bigint NOT NULL,
    "TimeBlock" time without time zone NOT NULL,
    "DateMin" integer NOT NULL,
    "Using" boolean NOT NULL
);


ALTER TABLE public.schedule_configschedule OWNER TO wnhr;

--
-- Name: schedule_configschedule_id_seq; Type: SEQUENCE; Schema: public; Owner: wnhr
--

ALTER TABLE public.schedule_configschedule ALTER COLUMN id ADD GENERATED BY DEFAULT AS IDENTITY (
    SEQUENCE NAME public.schedule_configschedule_id_seq
    START WITH 1
    INCREMENT BY 1
    NO MINVALUE
    NO MAXVALUE
    CACHE 1
);


--
-- Name: schedule_schedule; Type: TABLE; Schema: public; Owner: wnhr
--

CREATE TABLE public.schedule_schedule (
    id bigint NOT NULL,
    "Date" date NOT NULL,
    "EmpID_id" integer NOT NULL,
    "WorkShift_id" bigint
);


ALTER TABLE public.schedule_schedule OWNER TO wnhr;

--
-- Name: schedule_schedule_id_seq; Type: SEQUENCE; Schema: public; Owner: wnhr
--

ALTER TABLE public.schedule_schedule ALTER COLUMN id ADD GENERATED BY DEFAULT AS IDENTITY (
    SEQUENCE NAME public.schedule_schedule_id_seq
    START WITH 1
    INCREMENT BY 1
    NO MINVALUE
    NO MAXVALUE
    CACHE 1
);


--
-- Name: schedule_workshift; Type: TABLE; Schema: public; Owner: wnhr
--

CREATE TABLE public.schedule_workshift (
    id bigint NOT NULL,
    "WorkShiftName" character varying(50) NOT NULL,
    "StartTime" time without time zone NOT NULL,
    "EndTime" time without time zone NOT NULL,
    "Color" character varying(20) NOT NULL,
    "Coefficient" smallint NOT NULL,
    CONSTRAINT "schedule_workshift_Coefficient_check" CHECK (("Coefficient" >= 0))
);


ALTER TABLE public.schedule_workshift OWNER TO wnhr;

--
-- Name: schedule_workshift_id_seq; Type: SEQUENCE; Schema: public; Owner: wnhr
--

ALTER TABLE public.schedule_workshift ALTER COLUMN id ADD GENERATED BY DEFAULT AS IDENTITY (
    SEQUENCE NAME public.schedule_workshift_id_seq
    START WITH 1
    INCREMENT BY 1
    NO MINVALUE
    NO MAXVALUE
    CACHE 1
);


--
-- Name: timesheet_timesheet; Type: TABLE; Schema: public; Owner: wnhr
--

CREATE TABLE public.timesheet_timesheet (
    id bigint NOT NULL,
    "TimeIn" timestamp with time zone,
    "TimeOut" timestamp with time zone,
    "EmpID_id" integer,
    "Late" double precision,
    "WorkHour" double precision
);


ALTER TABLE public.timesheet_timesheet OWNER TO wnhr;

--
-- Name: timesheet_timesheet_id_seq; Type: SEQUENCE; Schema: public; Owner: wnhr
--

ALTER TABLE public.timesheet_timesheet ALTER COLUMN id ADD GENERATED BY DEFAULT AS IDENTITY (
    SEQUENCE NAME public.timesheet_timesheet_id_seq
    START WITH 1
    INCREMENT BY 1
    NO MINVALUE
    NO MAXVALUE
    CACHE 1
);


--
-- Data for Name: admin_interface_theme; Type: TABLE DATA; Schema: public; Owner: wnhr
--

COPY public.admin_interface_theme (id, name, active, title, title_visible, logo, logo_visible, css_header_background_color, title_color, css_header_text_color, css_header_link_color, css_header_link_hover_color, css_module_background_color, css_module_text_color, css_module_link_color, css_module_link_hover_color, css_module_rounded_corners, css_generic_link_color, css_generic_link_hover_color, css_save_button_background_color, css_save_button_background_hover_color, css_save_button_text_color, css_delete_button_background_color, css_delete_button_background_hover_color, css_delete_button_text_color, list_filter_dropdown, related_modal_active, related_modal_background_color, related_modal_rounded_corners, logo_color, recent_actions_visible, favicon, related_modal_background_opacity, env_name, env_visible_in_header, env_color, env_visible_in_favicon, related_modal_close_button_visible, language_chooser_active, language_chooser_display, list_filter_sticky, form_pagination_sticky, form_submit_sticky, css_module_background_selected_color, css_module_link_selected_color, logo_max_height, logo_max_width, foldable_apps, language_chooser_control, list_filter_highlight, list_filter_removal_links, show_fieldsets_as_tabs, show_inlines_as_tabs, css_generic_link_active_color, collapsible_stacked_inlines, collapsible_stacked_inlines_collapsed, collapsible_tabular_inlines, collapsible_tabular_inlines_collapsed) FROM stdin;
2	White Neuron	t	WN HRM	t	logo/WN.png	t	#FFFFFF	#000000	#44B78B	#000000	#C9F0DD	#000000	#FFFFFF	#FFFFFF	#000000	t	#0C3C26	#156641	#000000	#0C3C26	#FFFFFF	#BA2121	#A41515	#FFFFFF	t	t	#000000	t	#FFFFFF	t	favicon/WhiteNeuron.jpg	0.3		t	#E74C3C	t	t	t	code	t	f	f	#FFFFCC	#FFFFFF	45	400	t	default-select	t	f	f	t	#29B864	f	t	f	t
1	Django	f	Django administration	t		t	#0C4B33	#F5DD5D	#44B78B	#FFFFFF	#C9F0DD	#44B78B	#FFFFFF	#FFFFFF	#C9F0DD	t	#0C3C26	#156641	#0C4B33	#0C3C26	#FFFFFF	#BA2121	#A41515	#FFFFFF	t	t	#000000	t	#FFFFFF	t		0.3		t	#E74C3C	t	t	t	code	t	f	f	#FFFFCC	#FFFFFF	100	400	t	default-select	t	f	f	f	#29B864	f	t	f	t
\.


--
-- Data for Name: auth_group; Type: TABLE DATA; Schema: public; Owner: wnhr
--

COPY public.auth_group (id, name) FROM stdin;
\.


--
-- Data for Name: auth_group_permissions; Type: TABLE DATA; Schema: public; Owner: wnhr
--

COPY public.auth_group_permissions (id, group_id, permission_id) FROM stdin;
\.


--
-- Data for Name: auth_permission; Type: TABLE DATA; Schema: public; Owner: wnhr
--

COPY public.auth_permission (id, name, content_type_id, codename) FROM stdin;
1	Can add Theme	1	add_theme
2	Can change Theme	1	change_theme
3	Can delete Theme	1	delete_theme
4	Can view Theme	1	view_theme
5	Can add log entry	2	add_logentry
6	Can change log entry	2	change_logentry
7	Can delete log entry	2	delete_logentry
8	Can view log entry	2	view_logentry
9	Can add permission	3	add_permission
10	Can change permission	3	change_permission
11	Can delete permission	3	delete_permission
12	Can view permission	3	view_permission
13	Can add group	4	add_group
14	Can change group	4	change_group
15	Can delete group	4	delete_group
16	Can view group	4	view_group
17	Can add content type	5	add_contenttype
18	Can change content type	5	change_contenttype
19	Can delete content type	5	delete_contenttype
20	Can view content type	5	view_contenttype
21	Can add session	6	add_session
22	Can change session	6	change_session
23	Can delete session	6	delete_session
24	Can view session	6	view_session
25	Can add user account	7	add_useraccount
26	Can change user account	7	change_useraccount
27	Can delete user account	7	delete_useraccount
28	Can view user account	7	view_useraccount
29	Can add employee	8	add_employee
30	Can change employee	8	change_employee
31	Can delete employee	8	delete_employee
32	Can view employee	8	view_employee
33	Can add project	9	add_project
34	Can change project	9	change_project
35	Can delete project	9	delete_project
36	Can view project	9	view_project
37	Can add task	10	add_task
38	Can change task	10	change_task
39	Can delete task	10	delete_task
40	Can view task	10	view_task
41	Can add department	11	add_department
42	Can change department	11	change_department
43	Can delete department	11	delete_department
44	Can view department	11	view_department
45	Can add leave request	12	add_leaverequest
46	Can change leave request	12	change_leaverequest
47	Can delete leave request	12	delete_leaverequest
48	Can view leave request	12	view_leaverequest
49	Can add leave type	13	add_leavetype
50	Can change leave type	13	change_leavetype
51	Can delete leave type	13	delete_leavetype
52	Can view leave type	13	view_leavetype
53	Can add time sheet	14	add_timesheet
54	Can change time sheet	14	change_timesheet
55	Can delete time sheet	14	delete_timesheet
56	Can view time sheet	14	view_timesheet
57	Can add job	15	add_job
58	Can change job	15	change_job
59	Can delete job	15	delete_job
60	Can view job	15	view_job
61	Can add config schedule	16	add_configschedule
62	Can change config schedule	16	change_configschedule
63	Can delete config schedule	16	delete_configschedule
64	Can view config schedule	16	view_configschedule
65	Can add work shift	17	add_workshift
66	Can change work shift	17	change_workshift
67	Can delete work shift	17	delete_workshift
68	Can view work shift	17	view_workshift
69	Can add schedule	18	add_schedule
70	Can change schedule	18	change_schedule
71	Can delete schedule	18	delete_schedule
72	Can view schedule	18	view_schedule
73	Can add salary history	19	add_salaryhistory
74	Can change salary history	19	change_salaryhistory
75	Can delete salary history	19	delete_salaryhistory
76	Can view salary history	19	view_salaryhistory
77	Can add Token	20	add_token
78	Can change Token	20	change_token
79	Can delete Token	20	delete_token
80	Can view Token	20	view_token
81	Can add token	21	add_tokenproxy
82	Can change token	21	change_tokenproxy
83	Can delete token	21	delete_tokenproxy
84	Can view token	21	view_tokenproxy
85	Can add role	22	add_role
86	Can change role	22	change_role
87	Can delete role	22	delete_role
88	Can view role	22	view_role
\.


--
-- Data for Name: authtoken_token; Type: TABLE DATA; Schema: public; Owner: wnhr
--

COPY public.authtoken_token (key, created, user_id) FROM stdin;
\.


--
-- Data for Name: base_employee; Type: TABLE DATA; Schema: public; Owner: wnhr
--

COPY public.base_employee ("EmpID", "EmpName", "Phone", "HireDate", "BirthDate", "Address", "PhotoPath", "Email", "EmpStatus", "DepID_id", "JobID_id", "BankName", "BankAccountNumber", "Gender", "RoleID_id", "TaxCode", "CCCD") FROM stdin;
23	Lê Duy Tuấn Anh	0362703140	2024-03-01	2003-09-05	hanoi	employee_photos/uploaded_image_6ta3X0m.jpg	tuananhleduy6@gmail.com	Bán thời gian	2	2	MBBANK – NGÂN HÀNG TMCP QUÂN ĐỘI	0362703140	Nam	3	\N	001203005836
19	Phùng Tiến Thưởng	0373316006	2024-03-01	2002-01-14	Cao Lĩnh, Phú Sơn, Ba Vì, Hà Nội	employee_photos/uploaded_image_tAWyD2m.jpg	thuongtien1413@gmail.com	Bán thời gian	2	2	TECHCOMBANK – NGÂN HÀNG TMCP KỸ THƯƠNG VIỆT NAM	888888881401	Nam	2	\N	001202022506
26	Phương Hải Đăng	0335380952	2024-03-05	2003-03-05	Đông Anh	default.jpg	haidang02032003@gmail.com	Bán thời gian	1	5	TECHCOMBANK – NGÂN HÀNG TMCP KỸ THƯƠNG VIỆT NAM	19035767564014	Nam	3	8846978067	121212121212
27	Nguyễn Quang Thắng	0965204955	2024-03-01	2003-08-01	Thanh Trì, Hà Nội	employee_photos/uploaded_image_mJ4Ypp0.jpg	quangthangvtlg@gmail.com	Bán thời gian	1	5	MBBANK – NGÂN HÀNG TMCP QUÂN ĐỘI	0965204955	Nam	3		024203002737
22	Nguyễn Thị Thanh Mai	0916927514	2024-03-01	2024-03-01	Hoàng Mai, Hà Nội	default.jpg	nguyenthanhmaii138@gmail.com	Ngưng làm việc	4	9	TECHCOMBANK – NGÂN HÀNG TMCP KỸ THƯƠNG VIỆT NAM	\N	Nữ	3	\N	022303003789
20	Vũ Phương Hằng	0845227279	2024-03-01	2024-03-01	Gia Lâm, Hà Nội	default.jpg	171003hang@gmail.com	Ngưng làm việc	4	9	TPBANK – NGÂN HÀNG TMCP TIÊN PHONG	\N	Nữ	3	\N	066303003911
25	Vũ Trường Giang	0334546584	2023-12-01	2003-07-05	Hà Nội	employee_photos/uploaded_image_R3sLYXv.jpg	vu.truonggiang.05072003@gmail.com	Bán thời gian	1	6	TECHCOMBANK – NGÂN HÀNG TMCP KỸ THƯƠNG VIỆT NAM	19036266599019	Nam	3	8804464278	001203018884
15	Hoàng Vũ Nghị	0971578680	2024-03-02	2024-03-01	Đại Kim, Hoàng Mai, Hà Nội	employee_photos/uploaded_image_FG9sBT6.jpg	hoangvunghi2004@gmail.com	Bán thời gian	1	1	VIETINBANK – NGÂN HÀNG TMCP CÔNG THƯƠNG VIỆT NAM	105876869628	Nam	3	\N	026204001237
28	Phạm Sỹ Kiên	0963129893	2024-03-01	2003-08-28	218 B2 Khu Tập thể Văn Chương	default.jpg	kienphamsy257@gmail.com	Bán thời gian	2	7	TECHCOMBANK – NGÂN HÀNG TMCP KỸ THƯƠNG VIỆT NAM	19037583552016	Nam	3		001203034003
16	Phạm Thị Phượng	0333482009	2024-03-01	2024-03-01	OCT2-DN2, Đặng Xuân Bảng, Đại Kim, Hoàng Mai, Hà Nội	employee_photos/uploaded_image_ve5wGxs.jpg	vn.phuong.pt.22@gmail.com	Bán thời gian	1	8	TPBANK – NGÂN HÀNG TMCP TIÊN PHONG	\N	Nữ	3	\N	034303002028
33	admin	\N	\N	\N	\N	default.jpg		Toàn thời gian	\N	\N	\N	\N	\N	1	\N	
21	Phan Thị Quỳnh	0982479443	2024-03-01	2024-03-01	Hữu Bằng, Thạch Thất, Hà Nội	employee_photos/uploaded_image_oXIgpPA.jpg	qphan204@gmail.com	Thực tập sinh	1	1	VIB – NGÂN HÀNG TMCP QUỐC TẾ VIỆT NAM	\N	Nữ	3	\N	001304048809
18	Trần Việt Tiến (VTea)	0339567002	2024-03-01	2003-12-10	Vạn Thắng Lợi, Hồng Hà, Đan Phượng, Hà Nội	employee_photos/uploaded_image_re6ytMs.jpg	tranviettien1012@gmail.com	Bán thời gian	2	2	MBBANK – NGÂN HÀNG TMCP QUÂN ĐỘI	0339567002	Nam	4		001203019807
31	Trần Đức Khánh	0365436675	2024-03-08	2004-01-06	24, ngách 1, ngõ 282, đường Kim Giang	employee_photos/uploaded_image_d9H59b0.jpg	trankhanhsp2k4@gmail.com	Bán thời gian	4	4	TPBANK – NGÂN HÀNG TMCP TIÊN PHONG	00001165665	Nam	3		036204013380
24	Nguyễn Tú Anh	0339802255	2023-08-07	1997-06-22	Mậu Lương, Kiến Hưng, Hà Đông, Hà Nội	default.jpg	anhnt@whiteneurons.com	Toàn thời gian	3	3	VIETCOMBANK – NGÂN HÀNG TMCP NGOẠI THƯƠNG VIỆT NAM	9339802255	Nam	1	8508316262	001097025481
17	Mai Thị Ngọc Bích	0338900646	2024-03-01	2024-03-01	Đại Kim, Hoàng Mai, Hà Nội	employee_photos/uploaded_image_IwkAmIo.jpg	mnbich021@gmail.com	Bán thời gian	2	2	VPBANK – NGÂN HÀNG TMCP VIỆT NAM THỊNH VƯỢNG	\N	Nữ	3	\N	038303010962
\.


--
-- Data for Name: base_project; Type: TABLE DATA; Schema: public; Owner: wnhr
--

COPY public.base_project (proj_id, proj_name, proj_value, date_start, date_end, proj_description, complete, manager_id_id) FROM stdin;
\.


--
-- Data for Name: base_task; Type: TABLE DATA; Schema: public; Owner: wnhr
--

COPY public.base_task (id, description, proj_id_id, user_id_id) FROM stdin;
\.


--
-- Data for Name: base_useraccount; Type: TABLE DATA; Schema: public; Owner: wnhr
--

COPY public.base_useraccount (password, is_superuser, "UserID", "UserStatus", "EmpID_id", is_staff) FROM stdin;
pbkdf2_sha256$600000$ECcwdZiAjoOqwOwkcAzdjA$6hLYTWA40IeBbssn1XCZg87WH7+U7yWLk5m0hVO0Os0=	f	sdd003	t	21	t
pbkdf2_sha256$600000$M6ggJhCYTnDP9jV09M2WwK$+N4hrKFssjIaEmzkLOMpK3ee6HIJiqIGy9fnO2HwgZw=	f	dsd001	t	17	t
pbkdf2_sha256$600000$7pKpyXjwN8KNsXXYxI478R$DseQvm6vO7WNPh6E0JDqmbxmv2i9vnekrN69B4O4Jzo=	t	sdd001	t	15	t
pbkdf2_sha256$600000$Zd2FxEgdSIREqHeXVQWfD1$HnBL8KbLdUGeckrL9ki7WXpWtLslFhenCiazwf70fOM=	f	sdd002	t	16	t
pbkdf2_sha256$600000$NZjriQq3yZAPjNohShzH8o$6Y/R7c1XpkGGfGs0X605ERQEJYtqiBsAj1xX4ZplAf8=	f	dsd005	t	28	t
pbkdf2_sha256$600000$wdPDLoWmj39KTIGYQjdvC6$66gmOwJ5X65yka6A7W8pvBJw6r3qS5wzU2ietXn7hME=	f	dsd002	t	18	t
pbkdf2_sha256$600000$n5VNVu1LmvtNNjoOV2r5yi$MPushVzL5IzKlpDQ9DMB15Q01lfo82K+tnJA+g+Mcp0=	f	sdd005	t	26	t
pbkdf2_sha256$600000$x5UvHoUBUd8Mexmr61sq9R$qEPqWUmdDthkU9NxNnkeqPugJYOxmEgveriEQuAWcEs=	f	sdd006	t	27	t
pbkdf2_sha256$600000$eUvuWWOqPUF5nfA0ilHUO8$4BgySDdL9vu5Eg0YOFcGe7RSssxAq1BH6mJQrNSSIEw=	f	dsd004	t	23	t
pbkdf2_sha256$600000$3JrHm5ese7AwfGDnkDcFmR$50mKkYrKiUegrcMIt1y1nNo+KUJDx3T39g6gaVM7UzQ=	f	sdd004	t	25	t
pbkdf2_sha256$600000$dZ7L9TfKxAWYrKXnNvKYwA$0TyRHQIv5CIbHs29cRPGnQqt86WZZ1rvTt/RxMK4Pts=	t	ceo001	t	24	t
pbkdf2_sha256$600000$48eh6thUvgyoTUltYfgqbW$T1hBylwH+3GEU36PQZ1OWMevdIIWghJlbfdT6BGFrnQ=	f	dsd003	t	19	t
pbkdf2_sha256$600000$AM6yBhCeFCMRgGkv3eKsJT$FtafqER0AKThXfRJF3Ei7Ascg5sOGLQRs2ubXNZ/aOE=	f	mdd003	t	31	t
pbkdf2_sha256$600000$bvgOiOUMuRCys1urppX2eO$bZDOyWeo95ZI977LNIDoostzSs2txyWXSI8mukc5ANE=	t	admin	t	33	t
pbkdf2_sha256$600000$bJN3YtpmAuwcRk0Z5BguaV$LLEXfdHL+A+pY4kqzRU5vd10Sl1uoOFXAtJEjOotgOY=	f	mdd002	f	22	t
pbkdf2_sha256$600000$coyN6PdDkmZBkqGcx558Er$sm5fgRB2ZPSw5fUBmVkLBDXjtVNUb6e2vPiOkbYbjHI=	f	mdd001	f	20	t
\.


--
-- Data for Name: base_useraccount_groups; Type: TABLE DATA; Schema: public; Owner: wnhr
--

COPY public.base_useraccount_groups (id, useraccount_id, group_id) FROM stdin;
\.


--
-- Data for Name: base_useraccount_user_permissions; Type: TABLE DATA; Schema: public; Owner: wnhr
--

COPY public.base_useraccount_user_permissions (id, useraccount_id, permission_id) FROM stdin;
\.


--
-- Data for Name: department_department; Type: TABLE DATA; Schema: public; Owner: wnhr
--

COPY public.department_department ("DepID", "DepName", "DepShortName", "ManageID_id") FROM stdin;
1	Phòng phát triển phần mềm	SDD	\N
2	Phòng khoa học dữ liệu	DSD	\N
3	Hội đồng quản trị	CEO	\N
4	Phòng truyền thông đa phương tiện	MDD	\N
\.


--
-- Data for Name: django_admin_log; Type: TABLE DATA; Schema: public; Owner: wnhr
--

COPY public.django_admin_log (id, action_time, object_id, object_repr, action_flag, change_message, content_type_id, user_id) FROM stdin;
206	2024-03-11 09:16:07.311898+07	32	Employee object (32)	3		8	ceo001
207	2024-03-11 09:21:57.549197+07	2	White Neuron	2	[{"changed": {"fields": ["Background color", "Text color"]}}]	1	ceo001
208	2024-03-11 09:22:52.932364+07	2	White Neuron	2	[{"changed": {"fields": ["Text color", "Link color", "Link selected color", "Text color"]}}]	1	ceo001
209	2024-03-11 09:23:50.600337+07	2	White Neuron	2	[{"changed": {"fields": ["Text color", "Link color", "Link selected color"]}}]	1	ceo001
210	2024-03-12 13:29:18.974961+07	178	Schedule object (178)	1	[{"added": {}}]	18	sdd001
211	2024-03-12 13:39:58.923989+07	94	TimeSheet object (94)	3		14	sdd001
212	2024-03-12 13:40:13.619243+07	85	TimeSheet object (85)	2	[{"changed": {"fields": ["WorkHour"]}}]	14	sdd001
213	2024-03-12 13:40:21.368741+07	86	TimeSheet object (86)	2	[{"changed": {"fields": ["WorkHour"]}}]	14	sdd001
214	2024-03-12 13:40:27.48317+07	87	TimeSheet object (87)	2	[{"changed": {"fields": ["WorkHour"]}}]	14	sdd001
215	2024-03-12 13:40:35.685143+07	88	TimeSheet object (88)	2	[{"changed": {"fields": ["WorkHour"]}}]	14	sdd001
216	2024-03-12 13:40:46.284718+07	88	TimeSheet object (88)	2	[{"changed": {"fields": ["WorkHour"]}}]	14	sdd001
217	2024-03-12 13:40:55.393434+07	89	TimeSheet object (89)	2	[{"changed": {"fields": ["WorkHour"]}}]	14	sdd001
218	2024-03-12 13:41:04.459493+07	85	TimeSheet object (85)	2	[{"changed": {"fields": ["WorkHour"]}}]	14	sdd001
219	2024-03-12 13:43:39.296313+07	85	TimeSheet object (85)	2	[{"changed": {"fields": ["WorkHour"]}}]	14	sdd001
220	2024-03-12 13:43:46.745187+07	85	TimeSheet object (85)	2	[{"changed": {"fields": ["WorkHour"]}}]	14	sdd001
221	2024-03-12 13:49:43.246247+07	85	TimeSheet object (85)	2	[{"changed": {"fields": ["WorkHour"]}}]	14	sdd001
222	2024-03-12 13:50:16.665881+07	85	TimeSheet object (85)	2	[{"changed": {"fields": ["WorkHour"]}}]	14	sdd001
223	2024-03-12 13:54:59.304253+07	85	TimeSheet object (85)	2	[{"changed": {"fields": ["WorkHour"]}}]	14	sdd001
224	2024-03-12 14:01:55.246332+07	85	TimeSheet object (85)	2	[{"changed": {"fields": ["WorkHour"]}}]	14	sdd001
225	2024-03-12 14:02:52.966966+07	103	TimeSheet object (103)	2	[{"changed": {"fields": ["TimeIn", "TimeOut"]}}]	14	sdd001
226	2024-03-12 14:06:21.549574+07	103	TimeSheet object (103)	2	[{"changed": {"fields": ["TimeIn", "TimeOut", "WorkHour"]}}]	14	sdd001
227	2024-03-12 14:08:24.721245+07	85	TimeSheet object (85)	2	[{"changed": {"fields": ["WorkHour"]}}]	14	sdd001
228	2024-03-12 14:28:48.690878+07	105	TimeSheet object (105)	1	[{"added": {}}]	14	sdd001
229	2024-03-12 14:30:14.513153+07	105	TimeSheet object (105)	2	[]	14	sdd001
230	2024-03-12 14:34:26.94862+07	85	TimeSheet object (85)	2	[{"changed": {"fields": ["WorkHour"]}}]	14	sdd001
231	2024-03-12 14:34:51.00162+07	105	TimeSheet object (105)	2	[]	14	sdd001
232	2024-03-12 14:35:06.219314+07	105	TimeSheet object (105)	3		14	sdd001
233	2024-03-12 14:35:12.475429+07	86	TimeSheet object (86)	2	[]	14	sdd001
234	2024-03-12 14:35:21.81026+07	87	TimeSheet object (87)	2	[]	14	sdd001
235	2024-03-12 14:35:29.20909+07	88	TimeSheet object (88)	2	[]	14	sdd001
236	2024-03-12 14:35:54.246171+07	89	TimeSheet object (89)	2	[]	14	sdd001
237	2024-03-12 14:36:16.425636+07	90	TimeSheet object (90)	2	[]	14	sdd001
238	2024-03-12 14:36:27.085713+07	90	TimeSheet object (90)	2	[]	14	sdd001
239	2024-03-12 14:36:32.765155+07	91	TimeSheet object (91)	2	[]	14	sdd001
240	2024-03-12 14:36:45.331803+07	93	TimeSheet object (93)	3		14	sdd001
241	2024-03-12 14:37:04.453704+07	92	TimeSheet object (92)	2	[]	14	sdd001
242	2024-03-12 14:58:58.419382+07	179	Schedule object (179)	1	[{"added": {}}]	18	sdd001
243	2024-03-12 14:59:19.63795+07	106	TimeSheet object (106)	1	[{"added": {}}]	14	sdd001
244	2024-03-12 15:02:01.849739+07	106	TimeSheet object (106)	3		14	sdd001
245	2024-03-12 15:02:15.556129+07	179	Schedule object (179)	3		18	sdd001
246	2024-03-12 15:02:49.824464+07	104	TimeSheet object (104)	3		14	sdd001
247	2024-03-12 15:02:49.825958+07	103	TimeSheet object (103)	3		14	sdd001
248	2024-03-12 15:02:49.82697+07	102	TimeSheet object (102)	3		14	sdd001
249	2024-03-12 15:03:03.770695+07	178	Schedule object (178)	2	[{"changed": {"fields": ["WorkShift"]}}]	18	sdd001
250	2024-03-12 15:04:25.405316+07	107	TimeSheet object (107)	3		14	sdd001
251	2024-03-12 15:05:45.1445+07	108	TimeSheet object (108)	3		14	sdd001
252	2024-03-12 15:07:09.409589+07	109	TimeSheet object (109)	3		14	sdd001
253	2024-03-12 15:07:42.844729+07	110	TimeSheet object (110)	3		14	sdd001
254	2024-03-12 15:07:52.842829+07	178	Schedule object (178)	2	[{"changed": {"fields": ["WorkShift"]}}]	18	sdd001
255	2024-03-12 15:09:37.577852+07	111	TimeSheet object (111)	3		14	sdd001
256	2024-03-12 15:12:32.326311+07	112	TimeSheet object (112)	2	[{"changed": {"fields": ["TimeIn", "TimeOut"]}}]	14	sdd001
257	2024-03-12 15:12:38.164612+07	112	TimeSheet object (112)	2	[{"changed": {"fields": ["Late"]}}]	14	sdd001
258	2024-03-13 08:45:28.181623+07	113	TimeSheet object (113)	2	[{"changed": {"fields": ["TimeIn"]}}]	14	admin
259	2024-03-13 08:45:56.911938+07	114	TimeSheet object (114)	1	[{"added": {}}]	14	admin
260	2024-03-13 08:46:14.173254+07	115	TimeSheet object (115)	1	[{"added": {}}]	14	admin
261	2024-03-13 08:46:27.840357+07	116	TimeSheet object (116)	1	[{"added": {}}]	14	admin
262	2024-03-13 08:46:49.819708+07	117	TimeSheet object (117)	1	[{"added": {}}]	14	admin
263	2024-03-13 08:48:32.781216+07	119	TimeSheet object (119)	1	[{"added": {}}]	14	admin
264	2024-03-13 08:49:30.351385+07	119	TimeSheet object (119)	2	[{"changed": {"fields": ["Late"]}}]	14	admin
265	2024-03-13 08:49:50.869966+07	118	TimeSheet object (118)	2	[{"changed": {"fields": ["TimeIn"]}}]	14	admin
266	2024-03-13 08:51:03.637323+07	119	TimeSheet object (119)	2	[{"changed": {"fields": ["Late"]}}]	14	admin
267	2024-03-13 13:16:50.484911+07	180	Schedule object (180)	1	[{"added": {}}]	18	sdd001
268	2024-03-13 13:17:21.977449+07	91	Schedule object (91)	2	[{"changed": {"fields": ["WorkShift"]}}]	18	sdd001
269	2024-03-13 13:17:58.517411+07	181	Schedule object (181)	1	[{"added": {}}]	18	sdd001
270	2024-03-13 13:18:07.374918+07	182	Schedule object (182)	1	[{"added": {}}]	18	sdd001
271	2024-03-13 13:32:54.907345+07	99	TimeSheet object (99)	2	[{"changed": {"fields": ["TimeOut"]}}]	14	sdd001
272	2024-03-13 15:33:29.369666+07	3	WorkShift object (3)	2	[{"changed": {"fields": ["Coefficient"]}}]	17	sdd001
273	2024-03-13 17:36:35.921454+07	123	TimeSheet object (123)	2	[{"changed": {"fields": ["WorkHour"]}}]	14	sdd001
274	2024-03-13 17:36:45.071014+07	122	TimeSheet object (122)	2	[{"changed": {"fields": ["WorkHour"]}}]	14	sdd001
275	2024-03-13 17:36:49.733235+07	121	TimeSheet object (121)	2	[{"changed": {"fields": ["WorkHour"]}}]	14	sdd001
276	2024-03-13 17:36:57.777411+07	121	TimeSheet object (121)	2	[{"changed": {"fields": ["WorkHour"]}}]	14	sdd001
277	2024-03-13 17:37:07.968481+07	120	TimeSheet object (120)	2	[]	14	sdd001
278	2024-03-13 17:37:24.328289+07	112	TimeSheet object (112)	2	[]	14	sdd001
279	2024-03-14 08:12:51.353193+07	127	TimeSheet object (127)	3		14	sdd001
280	2024-03-14 10:04:37.549926+07	4	LeaveRequest object (4)	1	[{"added": {}}]	12	sdd001
281	2024-03-14 10:07:34.123811+07	4	LeaveRequest object (4)	2	[{"changed": {"fields": ["LeaveStatus"]}}]	12	sdd001
282	2024-03-14 17:39:12.849305+07	135	TimeSheet object (135)	2	[]	14	sdd001
283	2024-03-14 17:42:10.568208+07	124	TimeSheet object (124)	2	[{"changed": {"fields": ["TimeIn"]}}]	14	admin
284	2024-03-14 17:42:42.846587+07	124	TimeSheet object (124)	2	[{"changed": {"fields": ["TimeIn"]}}]	14	sdd001
285	2024-03-15 10:47:12.105949+07	19	Schedule object (19)	3		18	admin
286	2024-03-15 10:47:21.214145+07	16	Schedule object (16)	3		18	admin
287	2024-03-15 10:47:29.189961+07	15	Schedule object (15)	3		18	admin
288	2024-03-15 10:48:14.721916+07	45	Schedule object (45)	3		18	admin
289	2024-03-15 10:48:14.723412+07	44	Schedule object (44)	3		18	admin
290	2024-03-15 10:48:14.7244+07	43	Schedule object (43)	3		18	admin
291	2024-03-15 10:48:14.725386+07	42	Schedule object (42)	3		18	admin
292	2024-03-15 10:48:14.726365+07	41	Schedule object (41)	3		18	admin
293	2024-03-15 10:48:14.727322+07	40	Schedule object (40)	3		18	admin
294	2024-03-15 10:48:14.728423+07	39	Schedule object (39)	3		18	admin
295	2024-03-15 10:48:14.729386+07	38	Schedule object (38)	3		18	admin
296	2024-03-15 10:48:14.730352+07	37	Schedule object (37)	3		18	admin
297	2024-03-15 10:48:14.731314+07	36	Schedule object (36)	3		18	admin
298	2024-03-15 10:48:14.732275+07	35	Schedule object (35)	3		18	admin
299	2024-03-15 10:48:14.733227+07	26	Schedule object (26)	3		18	admin
300	2024-03-15 10:48:14.734172+07	25	Schedule object (25)	3		18	admin
301	2024-03-15 10:48:14.735037+07	24	Schedule object (24)	3		18	admin
302	2024-03-15 10:48:14.735943+07	23	Schedule object (23)	3		18	admin
303	2024-03-15 10:48:14.736889+07	22	Schedule object (22)	3		18	admin
304	2024-03-15 10:48:14.737775+07	21	Schedule object (21)	3		18	admin
305	2024-03-15 10:48:14.738658+07	20	Schedule object (20)	3		18	admin
306	2024-03-15 10:48:14.739544+07	18	Schedule object (18)	3		18	admin
307	2024-03-15 10:48:14.740445+07	17	Schedule object (17)	3		18	admin
308	2024-03-15 10:48:14.741328+07	14	Schedule object (14)	3		18	admin
309	2024-03-15 10:48:42.420066+07	13	Schedule object (13)	3		18	admin
310	2024-03-15 10:48:42.4224+07	12	Schedule object (12)	3		18	admin
311	2024-03-15 10:48:42.423897+07	11	Schedule object (11)	3		18	admin
312	2024-03-15 10:48:42.425606+07	10	Schedule object (10)	3		18	admin
313	2024-03-15 10:48:42.427307+07	9	Schedule object (9)	3		18	admin
314	2024-03-15 10:48:42.429043+07	8	Schedule object (8)	3		18	admin
315	2024-03-15 10:48:42.431045+07	7	Schedule object (7)	3		18	admin
316	2024-03-15 10:48:42.432907+07	6	Schedule object (6)	3		18	admin
317	2024-03-15 10:48:42.434746+07	5	Schedule object (5)	3		18	admin
318	2024-03-15 10:48:42.436618+07	4	Schedule object (4)	3		18	admin
319	2024-03-15 10:48:42.43845+07	3	Schedule object (3)	3		18	admin
320	2024-03-15 10:48:42.440294+07	2	Schedule object (2)	3		18	admin
321	2024-03-15 10:48:42.442192+07	1	Schedule object (1)	3		18	admin
322	2024-03-15 10:49:01.777447+07	77	Schedule object (77)	3		18	admin
323	2024-03-15 10:49:01.781906+07	76	Schedule object (76)	3		18	admin
324	2024-03-15 15:01:53.671691+07	137	TimeSheet object (137)	3		14	sdd001
325	2024-03-15 15:03:17.468687+07	145	TimeSheet object (145)	2	[{"changed": {"fields": ["Late"]}}]	14	sdd001
326	2024-03-15 15:13:09.83433+07	146	TimeSheet object (146)	2	[{"changed": {"fields": ["TimeIn", "Late"]}}]	14	sdd001
327	2024-03-15 17:32:26.098088+07	145	TimeSheet object (145)	2	[]	14	sdd001
328	2024-03-15 17:44:46.837944+07	171	Schedule object (171)	3		18	sdd001
329	2024-03-15 17:50:21.317227+07	325	Schedule object (325)	1	[{"added": {}}]	18	sdd001
330	2024-03-16 08:17:22.663699+07	8	LeaveRequest object (8)	1	[{"added": {}}]	12	sdd001
331	2024-03-16 08:17:30.621379+07	7	LeaveRequest object (7)	2	[{"changed": {"fields": ["Reason", "LeaveStatus"]}}]	12	sdd001
\.


--
-- Data for Name: django_content_type; Type: TABLE DATA; Schema: public; Owner: wnhr
--

COPY public.django_content_type (id, app_label, model) FROM stdin;
1	admin_interface	theme
2	admin	logentry
3	auth	permission
4	auth	group
5	contenttypes	contenttype
6	sessions	session
7	base	useraccount
8	base	employee
9	base	project
10	base	task
11	department	department
12	leave	leaverequest
13	leave_type	leavetype
14	timesheet	timesheet
15	job	job
16	schedule	configschedule
17	schedule	workshift
18	schedule	schedule
19	salary	salaryhistory
20	authtoken	token
21	authtoken	tokenproxy
22	role	role
\.


--
-- Data for Name: django_migrations; Type: TABLE DATA; Schema: public; Owner: wnhr
--

COPY public.django_migrations (id, app, name, applied) FROM stdin;
1	contenttypes	0001_initial	2024-03-01 13:30:02.778247+07
2	base	0001_initial	2024-03-01 13:30:02.830901+07
3	admin	0001_initial	2024-03-01 13:30:02.86118+07
4	admin	0002_logentry_remove_auto_add	2024-03-01 13:30:02.869175+07
5	admin	0003_logentry_add_action_flag_choices	2024-03-01 13:30:02.877338+07
6	admin_interface	0001_initial	2024-03-01 13:30:02.895058+07
7	admin_interface	0002_add_related_modal	2024-03-01 13:30:02.929642+07
8	admin_interface	0003_add_logo_color	2024-03-01 13:30:02.937352+07
9	admin_interface	0004_rename_title_color	2024-03-01 13:30:02.941676+07
10	admin_interface	0005_add_recent_actions_visible	2024-03-01 13:30:02.946749+07
11	admin_interface	0006_bytes_to_str	2024-03-01 13:30:02.980744+07
12	admin_interface	0007_add_favicon	2024-03-01 13:30:02.984276+07
13	admin_interface	0008_change_related_modal_background_opacity_type	2024-03-01 13:30:02.98913+07
14	admin_interface	0009_add_enviroment	2024-03-01 13:30:02.994098+07
15	admin_interface	0010_add_localization	2024-03-01 13:30:03.021528+07
16	admin_interface	0011_add_environment_options	2024-03-01 13:30:03.031859+07
17	admin_interface	0012_update_verbose_names	2024-03-01 13:30:03.035841+07
18	admin_interface	0013_add_related_modal_close_button	2024-03-01 13:30:03.039265+07
19	admin_interface	0014_name_unique	2024-03-01 13:30:03.046574+07
20	admin_interface	0015_add_language_chooser_active	2024-03-01 13:30:03.050141+07
21	admin_interface	0016_add_language_chooser_display	2024-03-01 13:30:03.053592+07
22	admin_interface	0017_change_list_filter_dropdown	2024-03-01 13:30:03.056414+07
23	admin_interface	0018_theme_list_filter_sticky	2024-03-01 13:30:03.059819+07
24	admin_interface	0019_add_form_sticky	2024-03-01 13:30:03.065275+07
25	admin_interface	0020_module_selected_colors	2024-03-01 13:30:03.075451+07
26	admin_interface	0021_file_extension_validator	2024-03-01 13:30:03.07956+07
27	admin_interface	0022_add_logo_max_width_and_height	2024-03-01 13:30:03.085083+07
28	admin_interface	0023_theme_foldable_apps	2024-03-01 13:30:03.088422+07
29	admin_interface	0024_remove_theme_css	2024-03-01 13:30:03.091716+07
30	admin_interface	0025_theme_language_chooser_control	2024-03-01 13:30:03.09522+07
31	admin_interface	0026_theme_list_filter_highlight	2024-03-01 13:30:03.098753+07
32	admin_interface	0027_theme_list_filter_removal_links	2024-03-01 13:30:03.102517+07
33	admin_interface	0028_theme_show_fieldsets_as_tabs_and_more	2024-03-01 13:30:03.107803+07
34	admin_interface	0029_theme_css_generic_link_active_color	2024-03-01 13:30:03.111526+07
35	admin_interface	0030_theme_collapsible_stacked_inlines_and_more	2024-03-01 13:30:03.122019+07
36	contenttypes	0002_remove_content_type_name	2024-03-01 13:30:03.130702+07
37	auth	0001_initial	2024-03-01 13:30:03.159161+07
38	auth	0002_alter_permission_name_max_length	2024-03-01 13:30:03.163495+07
39	auth	0003_alter_user_email_max_length	2024-03-01 13:30:03.167344+07
40	auth	0004_alter_user_username_opts	2024-03-01 13:30:03.171146+07
41	auth	0005_alter_user_last_login_null	2024-03-01 13:30:03.174895+07
42	auth	0006_require_contenttypes_0002	2024-03-01 13:30:03.176394+07
43	auth	0007_alter_validators_add_error_messages	2024-03-01 13:30:03.18124+07
44	auth	0008_alter_user_username_max_length	2024-03-01 13:30:03.185143+07
45	auth	0009_alter_user_last_name_max_length	2024-03-01 13:30:03.189047+07
46	auth	0010_alter_group_name_max_length	2024-03-01 13:30:03.194013+07
47	auth	0011_update_proxy_permissions	2024-03-01 13:30:03.200915+07
48	auth	0012_alter_user_first_name_max_length	2024-03-01 13:30:03.20466+07
49	authtoken	0001_initial	2024-03-01 13:30:03.216251+07
50	authtoken	0002_auto_20160226_1747	2024-03-01 13:30:03.224948+07
51	authtoken	0003_tokenproxy	2024-03-01 13:30:03.226956+07
52	department	0001_initial	2024-03-01 13:30:03.236027+07
53	job	0001_initial	2024-03-01 13:30:03.245703+07
54	job	0002_alter_job_depid	2024-03-01 13:30:03.254237+07
55	job	0003_alter_job_depid	2024-03-01 13:30:03.258275+07
56	job	0004_alter_job_jobid	2024-03-01 13:30:03.262229+07
57	department	0002_alter_department_depid	2024-03-01 13:30:03.267252+07
58	base	0002_initial	2024-03-01 13:30:03.348479+07
59	base	0003_useraccount_is_staff	2024-03-01 13:30:03.384211+07
60	base	0004_alter_employee_address_alter_employee_birthdate_and_more	2024-03-01 13:30:03.421497+07
61	base	0005_alter_employee_empid	2024-03-01 13:30:03.431064+07
62	department	0003_alter_department_empid	2024-03-01 13:30:03.442392+07
63	base	0006_alter_useraccount_userstatus	2024-03-01 13:30:03.449864+07
64	base	0007_alter_employee_depid_alter_employee_jobid	2024-03-01 13:30:03.471867+07
65	department	0004_alter_department_empid	2024-03-01 13:30:03.479508+07
66	job	0005_alter_job_depid	2024-03-01 13:30:03.490276+07
67	department	0005_remove_department_empid	2024-03-01 13:30:03.499679+07
68	department	0006_department_empid	2024-03-01 13:30:03.511323+07
69	department	0007_remove_department_empid	2024-03-01 13:30:03.522271+07
70	department	0008_department_empid	2024-03-01 13:30:03.533469+07
71	department	0009_remove_department_empid	2024-03-01 13:30:03.54406+07
72	department	0010_department_empid	2024-03-01 13:30:03.555433+07
73	department	0011_remove_department_empid	2024-03-01 13:30:03.564788+07
74	department	0012_department_depshortname	2024-03-01 13:30:03.568835+07
75	role	0001_initial	2024-03-01 13:30:03.57344+07
76	base	0008_alter_useraccount_empid	2024-03-01 13:30:03.585095+07
77	base	0009_employee_bank_employee_bankaccountnumer_and_more	2024-03-01 13:30:03.616489+07
78	department	0013_department_manageid	2024-03-01 13:30:03.630261+07
79	job	0006_remove_job_jobchangehour_job_descriptions_and_more	2024-03-01 13:30:03.658294+07
80	base	0010_alter_employee_bank_alter_employee_bankaccountnumer_and_more	2024-03-01 13:30:03.707875+07
81	base	0011_alter_useraccount_empid	2024-03-01 13:30:03.718567+07
82	base	0012_alter_employee_email	2024-03-01 13:30:03.725361+07
83	base	0013_employee_cccd	2024-03-01 13:30:03.731415+07
84	base	0014_alter_employee_birthdate_alter_employee_hiredate	2024-03-01 13:30:03.758536+07
85	base	0015_alter_employee_depid_alter_employee_jobid	2024-03-01 13:30:03.779321+07
86	base	0016_rename_bank_employee_bankname_and_more	2024-03-01 13:30:03.789299+07
87	base	0017_alter_employee_photopath	2024-03-01 13:30:03.805034+07
88	base	0018_alter_employee_empstatus	2024-03-01 13:30:03.819542+07
89	base	0019_alter_employee_photopath	2024-03-01 13:30:03.825807+07
90	base	0020_alter_employee_empstatus	2024-03-01 13:30:03.831453+07
91	job	0007_alter_job_descriptions	2024-03-01 13:30:03.835042+07
92	leave_type	0001_initial	2024-03-01 13:30:03.840335+07
93	leave_type	0002_alter_leavetype_leavetypeid	2024-03-01 13:30:03.843604+07
94	leave_type	0003_leavetype_leavetypedescription_and_more	2024-03-01 13:30:03.850186+07
95	leave	0001_initial	2024-03-01 13:30:03.870074+07
96	leave	0002_alter_leave_leaveid	2024-03-01 13:30:03.878439+07
97	leave	0003_alter_leave_leaveenddate_alter_leave_leavestartdate	2024-03-01 13:30:03.904424+07
98	leave	0004_alter_leave_leavestatus	2024-03-01 13:30:03.918253+07
99	leave	0005_leaverequest_delete_leave	2024-03-01 13:30:03.938234+07
100	leave	0006_leaverequest_duration	2024-03-01 13:30:03.948501+07
101	leave	0007_alter_leaverequest_leavestatus	2024-03-01 13:30:03.954934+07
102	leave	0008_alter_leaverequest_leavestatus	2024-03-01 13:30:03.961443+07
103	leave_type	0004_remove_leavetype_subsidize	2024-03-01 13:30:03.964533+07
104	salary	0001_initial	2024-03-01 13:30:03.980076+07
105	schedule	0001_initial	2024-03-01 13:30:04.006343+07
106	schedule	0002_remove_schedule_configschedule_configschedule_using	2024-03-01 13:30:04.019728+07
107	schedule	0003_workshift_color	2024-03-01 13:30:04.023267+07
108	schedule	0004_alter_schedule_workshift	2024-03-01 13:30:04.035624+07
109	sessions	0001_initial	2024-03-01 13:30:04.045513+07
110	timesheet	0001_initial	2024-03-01 13:30:04.060969+07
111	timesheet	0002_alter_timesheet_id	2024-03-01 13:30:04.074622+07
112	base	0021_rename_bankaccountnumer_employee_bankaccountnumber	2024-03-01 15:12:05.358872+07
113	timesheet	0002_timesheet_late	2024-03-04 15:39:06.386427+07
114	timesheet	0003_merge_0002_alter_timesheet_id_0002_timesheet_late	2024-03-04 15:39:06.390614+07
115	base	0022_alter_employee_taxcode	2024-03-05 10:29:16.347377+07
116	timesheet	0003_timesheet_workhour_alter_timesheet_late	2024-03-07 10:07:24.257334+07
117	leave	0009_alter_leaverequest_duration	2024-03-07 11:04:29.249106+07
118	timesheet	0004_alter_timesheet_empid	2024-03-12 13:43:23.489826+07
119	timesheet	0005_timesheet_a	2024-03-12 13:48:49.700094+07
120	timesheet	0006_remove_timesheet_a	2024-03-12 13:49:04.932576+07
121	timesheet	0002_alter_timesheet_late_alter_timesheet_workhour	2024-03-12 14:04:00.599259+07
122	timesheet	0003_alter_timesheet_late_alter_timesheet_workhour	2024-03-12 14:04:43.340035+07
123	schedule	0005_workshift_coefficient	2024-03-13 15:31:38.912071+07
\.


--
-- Data for Name: django_session; Type: TABLE DATA; Schema: public; Owner: wnhr
--

COPY public.django_session (session_key, session_data, expire_date) FROM stdin;
by17d16pwfm2k2o1mpb8zxfe3z157ojo	.eJxVjDsOwyAQRO9CHSG8eMFOmT5nsBZ2HcgHJH-qKHePLblIqpHmvZm3Gmhd0rDOMg2Z1VkRv3JRp98-UHxI2SHfqdyqjrUsUw56V_RBZ32tLM_L4f4dJJrTtnZg2bV950nCFtZjBACDI5oxQIOhB4yMnkXYMQGQ8ZYaYNOBtOjU5wv97jkS:1rfx3T:Lu3w11K7L8WdZO_ymEXjqWyGo8MsgewmdRxwLJULzAk	2024-03-15 14:11:39.396464+07
g3cetxmbiil14qfz3eacv50iv1trkmmj	.eJxVjDsOwyAQRO9CHSG8eMFOmT5nsBZ2HcgHJH-qKHePLblIqpHmvZm3Gmhd0rDOMg2Z1VkRv3JRp98-UHxI2SHfqdyqjrUsUw56V_RBZ32tLM_L4f4dJJrTtnZg2bV950nCFtZjBACDI5oxQIOhB4yMnkXYMQGQ8ZYaYNOBtOjU5wv97jkS:1rfxQN:w2Att4wH6dQ3M4RBG7W_vOhCtmCnMrYR7iHvQVUYPZY	2024-03-15 14:35:19.331706+07
up1uq3rveh2g3z1yyn5rb3fgtzuuyhc5	.eJxVzDsOwjAQRdG9uEaWx078oaRnDdF4ZowDKJbyqRB7h0gpoD73vZcacFvrsC0yDyOrsyJpxoA6_UJGesi0K99xujVNbVrnMes90Ycu-tpYnpej_TuouNTvOvgI4nwXfXREKRlK3jjrUmFMBjOiA4DgE3cxgiu92GALR-nBAnGn3h_P5jiH:1rjVCk:p6OruXn7BL9O1-UMgwpjJ9UMQvot-KjtEDimOxUxNcs	2024-03-25 09:15:54.310611+07
lv72zdgz4pu67ajpaim8eefmabsf4h8y	.eJxVzEEOgjAQheG7dG2aMm2BunTPGZppZ8aiBhIKK-PdhYSFrr__vbeKuK0lbpWXOJK6qkpkTKMuv5AwP3k6lB443Wed52ldxqSPRJ9a9TATv25n-3dQsJZ9zQ5NBkHyCWxjJbWBwELHwVkHRnIPIqEVtM47n_uUrTB3SRrZtQP1-QIN6Tn6:1rjvZh:0xrZafWC-ZP83Ta4DAylV-yn83kejKaIVpQLDmCxoBw	2024-03-26 13:25:21.748424+07
lf6lxsdmuqtsjaw1bpu4gokd3trgym18	.eJxVzEEOgjAQheG7dG2aMm2BunTPGZppZ8aiBhIKK-PdhYSFrr__vbeKuK0lbpWXOJK6qkpkTKMuv5AwP3k6lB443Wed52ldxqSPRJ9a9TATv25n-3dQsJZ9zQ5NBkHyCWxjJbWBwELHwVkHRnIPIqEVtM47n_uUrTB3SRrZtQP1-QIN6Tn6:1rjvd7:-pFWkcPinsRVYygUXa6nnPYjjhVUcku2v-P_pGLWYgY	2024-03-26 13:28:53.48222+07
vsajrcqkyepwwpwovn63im5gr0k0aa51	.eJxVjDsOwyAQRO9CHaHFNmBSps8Z0OJdAvmAZOwqyt1jSy6SaqR5b-YtPK5L8mvj2WcSZ4H0ykWcfvuA04PLDumO5VblVMsy5yB3RR60yWslfl4O9-8gYUvbGpjJWWetNgQDKCTSKnS6j9GyAh4xkFHKjgY7dsCgB3B9Rwr1FtGIzxcQPjkV:1rkDfm:qbVuh-Cw8T1ZjLWY_LOKHxBqapvTBXHpc-FhW6D7UX4	2024-03-27 08:44:50.088851+07
l08gbv40say4plfcjn0aut68yjkrnnd2	.eJxVjDsOwyAQRO9CHaHFNmBSps8Z0OJdAvmAZOwqyt1jSy6SaqR5b-YtPK5L8mvj2WcSZ4H0ykWcfvuA04PLDumO5VblVMsy5yB3RR60yWslfl4O9-8gYUvbGpjJWWetNgQDKCTSKnS6j9GyAh4xkFHKjgY7dsCgB3B9Rwr1FtGIzxcQPjkV:1rkIND:LYEV4XCO-FiUblz-ePpPHYsj2BIBgVfyFaIvwkTb20c	2024-03-27 13:45:59.022833+07
jtnlqbcfqxgmebaj14yw3argp3jkg51x	.eJxVjDsOwyAQRO9CHaHFNmBSps8Z0OJdAvmAZOwqyt1jSy6SaqR5b-YtPK5L8mvj2WcSZ4H0ykWcfvuA04PLDumO5VblVMsy5yB3RR60yWslfl4O9-8gYUvbGpjJWWetNgQDKCTSKnS6j9GyAh4xkFHKjgY7dsCgB3B9Rwr1FtGIzxcQPjkV:1rkiVr:2g3m5XjsWkWuuxFScY5pc9isSxBCujnNYdIWKywvyro	2024-03-28 17:40:39.611381+07
db8mduwyi31lch9g1qxkrhazahwjgqxk	.eJxVjDsOwyAQRO9CHaHFNmBSps8Z0OJdAvmAZOwqyt1jSy6SaqR5b-YtPK5L8mvj2WcSZ4H0ykWcfvuA04PLDumO5VblVMsy5yB3RR60yWslfl4O9-8gYUvbGpjJWWetNgQDKCTSKnS6j9GyAh4xkFHKjgY7dsCgB3B9Rwr1FtGIzxcQPjkV:1rkyX1:rlmTNrEVADjxN3fxtN727yJ3zVBQFEOHruWcG0Z1iv4	2024-03-29 10:46:55.525292+07
\.


--
-- Data for Name: job_job; Type: TABLE DATA; Schema: public; Owner: wnhr
--

COPY public.job_job ("JobID", "JobName", "DepID_id", "Descriptions") FROM stdin;
1	Backend Developer	1	Làm backend
2	Data Analyst	2	data
3	CEO	3	Quản trị
4	Editor	4	media
5	Full Stack	1	fullstack
6	Solution Architect	1	solution
7	Data Science	2	data science
8	Business Analyst	1	Business Analyst
9	Content creator	4	Lên ý tưởng làm video
\.


--
-- Data for Name: leave_leaverequest; Type: TABLE DATA; Schema: public; Owner: wnhr
--

COPY public.leave_leaverequest ("LeaveRequestID", "LeaveStartDate", "LeaveEndDate", "Reason", "LeaveStatus", "EmpID_id", "LeaveTypeID_id", "Duration") FROM stdin;
8	2024-03-15	2024-03-15	bị ốm	Đã phê duyệt	26	1	1
7	2024-03-16	2024-03-16	Tôi muốn nghỉ làm để chơi phỏm	Đã phê duyệt	19	1	1
\.


--
-- Data for Name: leave_type_leavetype; Type: TABLE DATA; Schema: public; Owner: wnhr
--

COPY public.leave_type_leavetype ("LeaveTypeID", "LeaveTypeName", "LeaveTypeDescription", "LimitedDuration") FROM stdin;
1	Nghỉ phép	Nghỉ phép thoải mái. Nhưng không tính lương	10
\.


--
-- Data for Name: role_role; Type: TABLE DATA; Schema: public; Owner: wnhr
--

COPY public.role_role ("RoleID", "RoleName") FROM stdin;
1	Admin
2	Hr
3	Employee
4	Employer
5	Manager
\.


--
-- Data for Name: salary_salaryhistory; Type: TABLE DATA; Schema: public; Owner: wnhr
--

COPY public.salary_salaryhistory (id, "SalFrom", "SalEnd", "SalAmount", "EmpID_id") FROM stdin;
\.


--
-- Data for Name: schedule_configschedule; Type: TABLE DATA; Schema: public; Owner: wnhr
--

COPY public.schedule_configschedule (id, "TimeBlock", "DateMin", "Using") FROM stdin;
1	23:00:00	3	t
\.


--
-- Data for Name: schedule_schedule; Type: TABLE DATA; Schema: public; Owner: wnhr
--

COPY public.schedule_schedule (id, "Date", "EmpID_id", "WorkShift_id") FROM stdin;
151	2024-03-11	19	2
152	2024-03-12	19	3
153	2024-03-13	19	3
154	2024-03-14	19	3
141	2024-03-14	17	3
337	2024-03-18	26	1
302	2024-03-18	18	3
303	2024-03-19	18	3
304	2024-03-20	18	3
305	2024-03-21	18	3
306	2024-03-22	18	3
307	2024-03-23	18	3
308	2024-03-18	16	3
309	2024-03-19	16	3
310	2024-03-20	16	3
311	2024-03-21	16	3
312	2024-03-22	16	3
313	2024-03-18	25	1
314	2024-03-19	25	1
155	2024-03-15	19	3
156	2024-03-16	19	3
316	2024-03-21	25	3
317	2024-03-22	25	3
318	2024-03-18	19	3
320	2024-03-18	31	3
321	2024-03-19	31	3
323	2024-03-23	31	3
324	2024-03-20	31	3
325	2024-03-16	25	1
66	2024-03-12	23	3
67	2024-03-13	23	3
68	2024-03-14	23	3
69	2024-03-15	23	3
142	2024-03-15	17	3
143	2024-03-11	17	3
338	2024-03-19	26	1
88	2024-03-13	15	2
89	2024-03-14	15	3
90	2024-03-15	15	3
92	2024-03-11	16	3
93	2024-03-12	16	3
94	2024-03-11	18	3
95	2024-03-12	18	3
96	2024-03-14	16	3
168	2024-03-11	25	3
169	2024-03-14	25	2
98	2024-03-14	18	3
99	2024-03-15	16	3
100	2024-03-16	16	3
170	2024-03-15	25	3
332	2024-03-18	27	3
173	2024-03-13	25	2
102	2024-03-16	18	3
103	2024-03-11	26	3
104	2024-03-12	26	1
105	2024-03-13	26	2
330	2024-03-19	27	3
106	2024-03-14	26	3
299	2024-03-20	27	3
333	2024-03-21	27	3
334	2024-03-22	27	3
107	2024-03-16	26	3
108	2024-03-15	26	3
335	2024-03-23	27	1
315	2024-03-20	25	3
97	2024-03-13	18	3
101	2024-03-15	18	2
336	2024-03-23	25	3
339	2024-03-20	26	3
65	2024-03-11	23	3
340	2024-03-21	26	3
178	2024-03-12	15	2
180	2024-03-13	21	2
109	2024-03-11	27	3
110	2024-03-12	27	3
111	2024-03-13	27	3
112	2024-03-14	27	3
91	2024-03-16	15	1
181	2024-03-14	21	3
182	2024-03-15	21	3
341	2024-03-22	26	3
342	2024-03-23	26	3
319	2024-03-19	19	2
343	2024-03-20	19	1
344	2024-03-19	28	3
113	2024-03-15	27	3
345	2024-03-20	28	3
346	2024-03-21	28	3
347	2024-03-23	28	3
122	2024-03-13	31	3
123	2024-03-15	31	3
124	2024-03-16	31	3
273	2024-03-18	23	3
274	2024-03-19	23	3
275	2024-03-20	23	3
276	2024-03-21	23	3
277	2024-03-22	23	3
278	2024-03-20	21	2
279	2024-03-21	21	3
280	2024-03-22	21	3
139	2024-03-12	17	3
140	2024-03-13	17	3
145	2024-03-16	28	3
146	2024-03-11	28	3
282	2024-03-20	15	3
148	2024-03-13	28	3
149	2024-03-14	28	3
150	2024-03-16	27	3
283	2024-03-21	15	3
284	2024-03-22	15	3
281	2024-03-19	15	2
295	2024-03-18	17	3
296	2024-03-20	17	3
297	2024-03-21	17	3
298	2024-03-22	17	3
\.


--
-- Data for Name: schedule_workshift; Type: TABLE DATA; Schema: public; Owner: wnhr
--

COPY public.schedule_workshift (id, "WorkShiftName", "StartTime", "EndTime", "Color", "Coefficient") FROM stdin;
1	Ca sáng	08:00:00	12:00:00	#ec0909	1
2	Ca chiều	13:30:00	17:30:00	#0008ff	1
3	Cả ngày	08:00:00	17:30:00	#035413	2
\.


--
-- Data for Name: timesheet_timesheet; Type: TABLE DATA; Schema: public; Owner: wnhr
--

COPY public.timesheet_timesheet (id, "TimeIn", "TimeOut", "EmpID_id", "Late", "WorkHour") FROM stdin;
143	2024-03-15 08:17:25.363751+07	2024-03-15 17:30:00.967686+07	31	0	7.71
145	2024-03-15 14:54:04+07	2024-03-15 17:30:00+07	18	1	2.6
140	2024-03-15 08:00:00.829097+07	2024-03-15 17:30:00.746169+07	27	0	8
95	2024-03-12 08:00:00.091675+07	2024-03-12 17:30:00.047035+07	23	0	8
100	2024-03-12 08:00:00.71126+07	2024-03-12 17:30:00.46062+07	17	0	8
97	2024-03-12 08:00:00.66092+07	2024-03-12 17:30:00.717379+07	19	0	8
101	2024-03-12 08:24:49.596692+07	2024-03-12 17:30:00.930872+07	27	0	7.59
96	2024-03-12 08:00:00.221136+07	2024-03-12 17:30:00.960929+07	18	0	8
98	2024-03-12 08:00:00.548929+07	\N	26	0	0
118	2024-03-13 08:00:00+07	\N	31	0	0
119	2024-03-13 08:16:00+07	\N	28	0	0
99	2024-03-12 08:00:00+07	2024-03-12 17:30:00+07	16	0	8
116	2024-03-13 08:00:00+07	2024-03-13 17:30:00.960413+07	18	0	8
114	2024-03-13 08:00:00+07	2024-03-13 17:30:00.637273+07	17	0	8
117	2024-03-13 08:00:00+07	2024-03-13 17:30:00.550942+07	23	0	8
113	2024-03-13 08:00:00+07	2024-03-13 17:30:00.973029+07	27	0	8
139	2024-03-15 08:00:00.401985+07	2024-03-15 17:30:00.83618+07	23	0	8
115	2024-03-13 08:00:00+07	2024-03-13 17:30:00.077883+07	19	0	8
123	2024-03-13 13:30:00+07	2024-03-13 17:30:00+07	21	0	4
122	2024-03-13 13:30:00+07	2024-03-13 17:30:00+07	15	0	4
85	2024-03-11 08:00:00+07	2024-03-11 17:30:00+07	18	0	8
141	2024-03-15 08:00:00.728809+07	2024-03-15 17:30:00.147824+07	16	0	8
86	2024-03-11 08:00:00+07	2024-03-11 17:30:00+07	26	0	8
87	2024-03-11 08:00:00+07	2024-03-11 17:30:00+07	27	0	8
88	2024-03-11 08:00:00+07	2024-03-11 17:30:00+07	16	0	8
89	2024-03-11 08:00:00+07	2024-03-11 17:30:00+07	23	0	8
121	2024-03-13 13:30:00+07	2024-03-13 17:30:00+07	25	0	4
90	2024-03-11 08:33:36+07	2024-03-11 17:30:00+07	28	0	7.44
120	2024-03-13 13:30:00+07	2024-03-13 17:30:00+07	26	0	4
91	2024-03-11 08:58:16+07	2024-03-11 17:30:26+07	25	0	7.04
92	2024-03-11 13:30:00+07	2024-03-11 17:30:00+07	19	0	4
112	2024-03-12 13:30:00+07	2024-03-12 17:30:00+07	15	0	4
132	2024-03-14 08:30:05.548392+07	\N	28	0	0
134	2024-03-14 10:00:05.104273+07	2024-03-14 17:30:00.781638+07	21	2	6
125	2024-03-14 08:00:00.229036+07	2024-03-14 17:30:00.278449+07	23	0	8
142	2024-03-15 08:15:48.785267+07	2024-03-15 17:30:00.223232+07	17	0	7.74
138	2024-03-15 08:00:00.750783+07	2024-03-15 17:30:00.097726+07	19	0	8
130	2024-03-14 08:00:00.467235+07	2024-03-14 17:30:00.248691+07	27	0	8
129	2024-03-14 08:00:00.252178+07	2024-03-14 17:30:00.795738+07	16	0	8
153	2024-03-16 08:24:59.890541+07	2024-03-16 12:30:00.724323+07	25	0	4.08
147	2024-03-16 08:00:00.579445+07	2024-03-16 12:30:00.429497+07	15	0	4.5
152	2024-03-16 08:21:27.399814+07	2024-03-16 17:30:00.465239+07	28	0	7.64
133	2024-03-14 08:33:06.166707+07	2024-03-14 17:30:00.537208+07	17	0	7.45
128	2024-03-14 08:00:00.04619+07	2024-03-14 17:30:00.034743+07	19	0	8
126	2024-03-14 08:00:00.175252+07	2024-03-14 17:30:00.068326+07	18	0	8
151	2024-03-16 08:00:00.864623+07	2024-03-16 17:30:00.925902+07	16	0	8
150	2024-03-16 08:00:00.00581+07	2024-03-16 17:30:00.346594+07	18	0	8
149	2024-03-16 08:00:00.796165+07	2024-03-16 17:30:00.066117+07	26	0	8
148	2024-03-16 08:00:00.615945+07	2024-03-16 17:30:00.751146+07	27	0	8
156	2024-03-18 08:00:00.495591+07	\N	19	0	0
135	2024-03-14 13:30:00+07	2024-03-14 17:30:00+07	25	0	4
157	2024-03-18 08:00:00.026905+07	\N	18	0	0
124	2024-03-14 08:00:00+07	2024-03-14 17:30:00+07	15	0	8
158	2024-03-18 08:00:00.648316+07	\N	23	0	0
131	2024-03-14 08:00:00.145835+07	2024-03-14 17:30:00.427145+07	26	0	8
159	2024-03-18 08:00:00.319076+07	\N	27	0	0
160	2024-03-18 08:00:00.74858+07	\N	16	0	0
144	2024-03-15 08:30:08.168502+07	2024-03-15 17:30:00.88763+07	21	0	7.5
161	2024-03-18 08:17:20.615751+07	\N	17	0	0
146	2024-03-15 08:00:00+07	2024-03-15 17:30:00.225606+07	15	0	8
162	2024-03-18 08:18:09.333111+07	\N	31	0	0
155	2024-03-18 08:00:00.174435+07	2024-03-18 12:30:00.121831+07	25	0	4.5
154	2024-03-18 08:00:00.448452+07	2024-03-18 12:30:00.078486+07	26	0	4.5
136	2024-03-15 08:00:00.064267+07	2024-03-15 17:30:00.138742+07	25	0	8
\.


--
-- Name: admin_interface_theme_id_seq; Type: SEQUENCE SET; Schema: public; Owner: wnhr
--

SELECT pg_catalog.setval('public.admin_interface_theme_id_seq', 1, true);


--
-- Name: auth_group_id_seq; Type: SEQUENCE SET; Schema: public; Owner: wnhr
--

SELECT pg_catalog.setval('public.auth_group_id_seq', 1, false);


--
-- Name: auth_group_permissions_id_seq; Type: SEQUENCE SET; Schema: public; Owner: wnhr
--

SELECT pg_catalog.setval('public.auth_group_permissions_id_seq', 1, false);


--
-- Name: auth_permission_id_seq; Type: SEQUENCE SET; Schema: public; Owner: wnhr
--

SELECT pg_catalog.setval('public.auth_permission_id_seq', 88, true);


--
-- Name: base_employee_EmpID_seq; Type: SEQUENCE SET; Schema: public; Owner: wnhr
--

SELECT pg_catalog.setval('public."base_employee_EmpID_seq"', 33, true);


--
-- Name: base_project_proj_id_seq; Type: SEQUENCE SET; Schema: public; Owner: wnhr
--

SELECT pg_catalog.setval('public.base_project_proj_id_seq', 1, false);


--
-- Name: base_task_id_seq; Type: SEQUENCE SET; Schema: public; Owner: wnhr
--

SELECT pg_catalog.setval('public.base_task_id_seq', 1, false);


--
-- Name: base_useraccount_groups_id_seq; Type: SEQUENCE SET; Schema: public; Owner: wnhr
--

SELECT pg_catalog.setval('public.base_useraccount_groups_id_seq', 1, false);


--
-- Name: base_useraccount_user_permissions_id_seq; Type: SEQUENCE SET; Schema: public; Owner: wnhr
--

SELECT pg_catalog.setval('public.base_useraccount_user_permissions_id_seq', 1, false);


--
-- Name: department_department_DepID_seq; Type: SEQUENCE SET; Schema: public; Owner: wnhr
--

SELECT pg_catalog.setval('public."department_department_DepID_seq"', 4, true);


--
-- Name: django_admin_log_id_seq; Type: SEQUENCE SET; Schema: public; Owner: wnhr
--

SELECT pg_catalog.setval('public.django_admin_log_id_seq', 331, true);


--
-- Name: django_content_type_id_seq; Type: SEQUENCE SET; Schema: public; Owner: wnhr
--

SELECT pg_catalog.setval('public.django_content_type_id_seq', 22, true);


--
-- Name: django_migrations_id_seq; Type: SEQUENCE SET; Schema: public; Owner: wnhr
--

SELECT pg_catalog.setval('public.django_migrations_id_seq', 123, true);


--
-- Name: job_job_JobID_seq; Type: SEQUENCE SET; Schema: public; Owner: wnhr
--

SELECT pg_catalog.setval('public."job_job_JobID_seq"', 9, true);


--
-- Name: leave_leaverequest_LeaveRequestID_seq; Type: SEQUENCE SET; Schema: public; Owner: wnhr
--

SELECT pg_catalog.setval('public."leave_leaverequest_LeaveRequestID_seq"', 8, true);


--
-- Name: leave_type_leavetype_LeaveTypeID_seq; Type: SEQUENCE SET; Schema: public; Owner: wnhr
--

SELECT pg_catalog.setval('public."leave_type_leavetype_LeaveTypeID_seq"', 1, true);


--
-- Name: role_role_RoleID_seq; Type: SEQUENCE SET; Schema: public; Owner: wnhr
--

SELECT pg_catalog.setval('public."role_role_RoleID_seq"', 5, true);


--
-- Name: salary_salaryhistory_id_seq; Type: SEQUENCE SET; Schema: public; Owner: wnhr
--

SELECT pg_catalog.setval('public.salary_salaryhistory_id_seq', 1, false);


--
-- Name: schedule_configschedule_id_seq; Type: SEQUENCE SET; Schema: public; Owner: wnhr
--

SELECT pg_catalog.setval('public.schedule_configschedule_id_seq', 1, true);


--
-- Name: schedule_schedule_id_seq; Type: SEQUENCE SET; Schema: public; Owner: wnhr
--

SELECT pg_catalog.setval('public.schedule_schedule_id_seq', 347, true);


--
-- Name: schedule_workshift_id_seq; Type: SEQUENCE SET; Schema: public; Owner: wnhr
--

SELECT pg_catalog.setval('public.schedule_workshift_id_seq', 3, true);


--
-- Name: timesheet_timesheet_id_seq; Type: SEQUENCE SET; Schema: public; Owner: wnhr
--

SELECT pg_catalog.setval('public.timesheet_timesheet_id_seq', 162, true);


--
-- Name: admin_interface_theme admin_interface_theme_name_30bda70f_uniq; Type: CONSTRAINT; Schema: public; Owner: wnhr
--

ALTER TABLE ONLY public.admin_interface_theme
    ADD CONSTRAINT admin_interface_theme_name_30bda70f_uniq UNIQUE (name);


--
-- Name: admin_interface_theme admin_interface_theme_pkey; Type: CONSTRAINT; Schema: public; Owner: wnhr
--

ALTER TABLE ONLY public.admin_interface_theme
    ADD CONSTRAINT admin_interface_theme_pkey PRIMARY KEY (id);


--
-- Name: auth_group auth_group_name_key; Type: CONSTRAINT; Schema: public; Owner: wnhr
--

ALTER TABLE ONLY public.auth_group
    ADD CONSTRAINT auth_group_name_key UNIQUE (name);


--
-- Name: auth_group_permissions auth_group_permissions_group_id_permission_id_0cd325b0_uniq; Type: CONSTRAINT; Schema: public; Owner: wnhr
--

ALTER TABLE ONLY public.auth_group_permissions
    ADD CONSTRAINT auth_group_permissions_group_id_permission_id_0cd325b0_uniq UNIQUE (group_id, permission_id);


--
-- Name: auth_group_permissions auth_group_permissions_pkey; Type: CONSTRAINT; Schema: public; Owner: wnhr
--

ALTER TABLE ONLY public.auth_group_permissions
    ADD CONSTRAINT auth_group_permissions_pkey PRIMARY KEY (id);


--
-- Name: auth_group auth_group_pkey; Type: CONSTRAINT; Schema: public; Owner: wnhr
--

ALTER TABLE ONLY public.auth_group
    ADD CONSTRAINT auth_group_pkey PRIMARY KEY (id);


--
-- Name: auth_permission auth_permission_content_type_id_codename_01ab375a_uniq; Type: CONSTRAINT; Schema: public; Owner: wnhr
--

ALTER TABLE ONLY public.auth_permission
    ADD CONSTRAINT auth_permission_content_type_id_codename_01ab375a_uniq UNIQUE (content_type_id, codename);


--
-- Name: auth_permission auth_permission_pkey; Type: CONSTRAINT; Schema: public; Owner: wnhr
--

ALTER TABLE ONLY public.auth_permission
    ADD CONSTRAINT auth_permission_pkey PRIMARY KEY (id);


--
-- Name: authtoken_token authtoken_token_pkey; Type: CONSTRAINT; Schema: public; Owner: wnhr
--

ALTER TABLE ONLY public.authtoken_token
    ADD CONSTRAINT authtoken_token_pkey PRIMARY KEY (key);


--
-- Name: authtoken_token authtoken_token_user_id_key; Type: CONSTRAINT; Schema: public; Owner: wnhr
--

ALTER TABLE ONLY public.authtoken_token
    ADD CONSTRAINT authtoken_token_user_id_key UNIQUE (user_id);


--
-- Name: base_employee base_employee_pkey; Type: CONSTRAINT; Schema: public; Owner: wnhr
--

ALTER TABLE ONLY public.base_employee
    ADD CONSTRAINT base_employee_pkey PRIMARY KEY ("EmpID");


--
-- Name: base_project base_project_manager_id_id_key; Type: CONSTRAINT; Schema: public; Owner: wnhr
--

ALTER TABLE ONLY public.base_project
    ADD CONSTRAINT base_project_manager_id_id_key UNIQUE (manager_id_id);


--
-- Name: base_project base_project_pkey; Type: CONSTRAINT; Schema: public; Owner: wnhr
--

ALTER TABLE ONLY public.base_project
    ADD CONSTRAINT base_project_pkey PRIMARY KEY (proj_id);


--
-- Name: base_task base_task_pkey; Type: CONSTRAINT; Schema: public; Owner: wnhr
--

ALTER TABLE ONLY public.base_task
    ADD CONSTRAINT base_task_pkey PRIMARY KEY (id);


--
-- Name: base_useraccount_groups base_useraccount_groups_pkey; Type: CONSTRAINT; Schema: public; Owner: wnhr
--

ALTER TABLE ONLY public.base_useraccount_groups
    ADD CONSTRAINT base_useraccount_groups_pkey PRIMARY KEY (id);


--
-- Name: base_useraccount_groups base_useraccount_groups_useraccount_id_group_id_0b40356e_uniq; Type: CONSTRAINT; Schema: public; Owner: wnhr
--

ALTER TABLE ONLY public.base_useraccount_groups
    ADD CONSTRAINT base_useraccount_groups_useraccount_id_group_id_0b40356e_uniq UNIQUE (useraccount_id, group_id);


--
-- Name: base_useraccount base_useraccount_pkey; Type: CONSTRAINT; Schema: public; Owner: wnhr
--

ALTER TABLE ONLY public.base_useraccount
    ADD CONSTRAINT base_useraccount_pkey PRIMARY KEY ("UserID");


--
-- Name: base_useraccount_user_permissions base_useraccount_user_pe_useraccount_id_permissio_264442cd_uniq; Type: CONSTRAINT; Schema: public; Owner: wnhr
--

ALTER TABLE ONLY public.base_useraccount_user_permissions
    ADD CONSTRAINT base_useraccount_user_pe_useraccount_id_permissio_264442cd_uniq UNIQUE (useraccount_id, permission_id);


--
-- Name: base_useraccount_user_permissions base_useraccount_user_permissions_pkey; Type: CONSTRAINT; Schema: public; Owner: wnhr
--

ALTER TABLE ONLY public.base_useraccount_user_permissions
    ADD CONSTRAINT base_useraccount_user_permissions_pkey PRIMARY KEY (id);


--
-- Name: department_department department_department_pkey; Type: CONSTRAINT; Schema: public; Owner: wnhr
--

ALTER TABLE ONLY public.department_department
    ADD CONSTRAINT department_department_pkey PRIMARY KEY ("DepID");


--
-- Name: django_admin_log django_admin_log_pkey; Type: CONSTRAINT; Schema: public; Owner: wnhr
--

ALTER TABLE ONLY public.django_admin_log
    ADD CONSTRAINT django_admin_log_pkey PRIMARY KEY (id);


--
-- Name: django_content_type django_content_type_app_label_model_76bd3d3b_uniq; Type: CONSTRAINT; Schema: public; Owner: wnhr
--

ALTER TABLE ONLY public.django_content_type
    ADD CONSTRAINT django_content_type_app_label_model_76bd3d3b_uniq UNIQUE (app_label, model);


--
-- Name: django_content_type django_content_type_pkey; Type: CONSTRAINT; Schema: public; Owner: wnhr
--

ALTER TABLE ONLY public.django_content_type
    ADD CONSTRAINT django_content_type_pkey PRIMARY KEY (id);


--
-- Name: django_migrations django_migrations_pkey; Type: CONSTRAINT; Schema: public; Owner: wnhr
--

ALTER TABLE ONLY public.django_migrations
    ADD CONSTRAINT django_migrations_pkey PRIMARY KEY (id);


--
-- Name: django_session django_session_pkey; Type: CONSTRAINT; Schema: public; Owner: wnhr
--

ALTER TABLE ONLY public.django_session
    ADD CONSTRAINT django_session_pkey PRIMARY KEY (session_key);


--
-- Name: job_job job_job_pkey; Type: CONSTRAINT; Schema: public; Owner: wnhr
--

ALTER TABLE ONLY public.job_job
    ADD CONSTRAINT job_job_pkey PRIMARY KEY ("JobID");


--
-- Name: leave_leaverequest leave_leaverequest_pkey; Type: CONSTRAINT; Schema: public; Owner: wnhr
--

ALTER TABLE ONLY public.leave_leaverequest
    ADD CONSTRAINT leave_leaverequest_pkey PRIMARY KEY ("LeaveRequestID");


--
-- Name: leave_type_leavetype leave_type_leavetype_pkey; Type: CONSTRAINT; Schema: public; Owner: wnhr
--

ALTER TABLE ONLY public.leave_type_leavetype
    ADD CONSTRAINT leave_type_leavetype_pkey PRIMARY KEY ("LeaveTypeID");


--
-- Name: role_role role_role_pkey; Type: CONSTRAINT; Schema: public; Owner: wnhr
--

ALTER TABLE ONLY public.role_role
    ADD CONSTRAINT role_role_pkey PRIMARY KEY ("RoleID");


--
-- Name: salary_salaryhistory salary_salaryhistory_EmpID_id_SalFrom_0db16cb0_uniq; Type: CONSTRAINT; Schema: public; Owner: wnhr
--

ALTER TABLE ONLY public.salary_salaryhistory
    ADD CONSTRAINT "salary_salaryhistory_EmpID_id_SalFrom_0db16cb0_uniq" UNIQUE ("EmpID_id", "SalFrom");


--
-- Name: salary_salaryhistory salary_salaryhistory_pkey; Type: CONSTRAINT; Schema: public; Owner: wnhr
--

ALTER TABLE ONLY public.salary_salaryhistory
    ADD CONSTRAINT salary_salaryhistory_pkey PRIMARY KEY (id);


--
-- Name: schedule_configschedule schedule_configschedule_pkey; Type: CONSTRAINT; Schema: public; Owner: wnhr
--

ALTER TABLE ONLY public.schedule_configschedule
    ADD CONSTRAINT schedule_configschedule_pkey PRIMARY KEY (id);


--
-- Name: schedule_schedule schedule_schedule_pkey; Type: CONSTRAINT; Schema: public; Owner: wnhr
--

ALTER TABLE ONLY public.schedule_schedule
    ADD CONSTRAINT schedule_schedule_pkey PRIMARY KEY (id);


--
-- Name: schedule_workshift schedule_workshift_pkey; Type: CONSTRAINT; Schema: public; Owner: wnhr
--

ALTER TABLE ONLY public.schedule_workshift
    ADD CONSTRAINT schedule_workshift_pkey PRIMARY KEY (id);


--
-- Name: timesheet_timesheet timesheet_timesheet_pkey; Type: CONSTRAINT; Schema: public; Owner: wnhr
--

ALTER TABLE ONLY public.timesheet_timesheet
    ADD CONSTRAINT timesheet_timesheet_pkey PRIMARY KEY (id);


--
-- Name: admin_interface_theme_name_30bda70f_like; Type: INDEX; Schema: public; Owner: wnhr
--

CREATE INDEX admin_interface_theme_name_30bda70f_like ON public.admin_interface_theme USING btree (name varchar_pattern_ops);


--
-- Name: auth_group_name_a6ea08ec_like; Type: INDEX; Schema: public; Owner: wnhr
--

CREATE INDEX auth_group_name_a6ea08ec_like ON public.auth_group USING btree (name varchar_pattern_ops);


--
-- Name: auth_group_permissions_group_id_b120cbf9; Type: INDEX; Schema: public; Owner: wnhr
--

CREATE INDEX auth_group_permissions_group_id_b120cbf9 ON public.auth_group_permissions USING btree (group_id);


--
-- Name: auth_group_permissions_permission_id_84c5c92e; Type: INDEX; Schema: public; Owner: wnhr
--

CREATE INDEX auth_group_permissions_permission_id_84c5c92e ON public.auth_group_permissions USING btree (permission_id);


--
-- Name: auth_permission_content_type_id_2f476e4b; Type: INDEX; Schema: public; Owner: wnhr
--

CREATE INDEX auth_permission_content_type_id_2f476e4b ON public.auth_permission USING btree (content_type_id);


--
-- Name: authtoken_token_key_10f0b77e_like; Type: INDEX; Schema: public; Owner: wnhr
--

CREATE INDEX authtoken_token_key_10f0b77e_like ON public.authtoken_token USING btree (key varchar_pattern_ops);


--
-- Name: authtoken_token_user_id_35299eff_like; Type: INDEX; Schema: public; Owner: wnhr
--

CREATE INDEX authtoken_token_user_id_35299eff_like ON public.authtoken_token USING btree (user_id varchar_pattern_ops);


--
-- Name: base_employee_DepID_id_f8e0be17; Type: INDEX; Schema: public; Owner: wnhr
--

CREATE INDEX "base_employee_DepID_id_f8e0be17" ON public.base_employee USING btree ("DepID_id");


--
-- Name: base_employee_JobID_id_383ba61e; Type: INDEX; Schema: public; Owner: wnhr
--

CREATE INDEX "base_employee_JobID_id_383ba61e" ON public.base_employee USING btree ("JobID_id");


--
-- Name: base_employee_RoleID_id_a03ff968; Type: INDEX; Schema: public; Owner: wnhr
--

CREATE INDEX "base_employee_RoleID_id_a03ff968" ON public.base_employee USING btree ("RoleID_id");


--
-- Name: base_task_proj_id_id_c0f1410a; Type: INDEX; Schema: public; Owner: wnhr
--

CREATE INDEX base_task_proj_id_id_c0f1410a ON public.base_task USING btree (proj_id_id);


--
-- Name: base_task_user_id_id_b9a678dc; Type: INDEX; Schema: public; Owner: wnhr
--

CREATE INDEX base_task_user_id_id_b9a678dc ON public.base_task USING btree (user_id_id);


--
-- Name: base_useraccount_EmpID_id_ba2fbd9e; Type: INDEX; Schema: public; Owner: wnhr
--

CREATE INDEX "base_useraccount_EmpID_id_ba2fbd9e" ON public.base_useraccount USING btree ("EmpID_id");


--
-- Name: base_useraccount_UserID_35103984_like; Type: INDEX; Schema: public; Owner: wnhr
--

CREATE INDEX "base_useraccount_UserID_35103984_like" ON public.base_useraccount USING btree ("UserID" varchar_pattern_ops);


--
-- Name: base_useraccount_groups_group_id_d0605ba2; Type: INDEX; Schema: public; Owner: wnhr
--

CREATE INDEX base_useraccount_groups_group_id_d0605ba2 ON public.base_useraccount_groups USING btree (group_id);


--
-- Name: base_useraccount_groups_useraccount_id_70c6f6ef; Type: INDEX; Schema: public; Owner: wnhr
--

CREATE INDEX base_useraccount_groups_useraccount_id_70c6f6ef ON public.base_useraccount_groups USING btree (useraccount_id);


--
-- Name: base_useraccount_groups_useraccount_id_70c6f6ef_like; Type: INDEX; Schema: public; Owner: wnhr
--

CREATE INDEX base_useraccount_groups_useraccount_id_70c6f6ef_like ON public.base_useraccount_groups USING btree (useraccount_id varchar_pattern_ops);


--
-- Name: base_useraccount_user_permissions_permission_id_555616a9; Type: INDEX; Schema: public; Owner: wnhr
--

CREATE INDEX base_useraccount_user_permissions_permission_id_555616a9 ON public.base_useraccount_user_permissions USING btree (permission_id);


--
-- Name: base_useraccount_user_permissions_useraccount_id_e696ea9e; Type: INDEX; Schema: public; Owner: wnhr
--

CREATE INDEX base_useraccount_user_permissions_useraccount_id_e696ea9e ON public.base_useraccount_user_permissions USING btree (useraccount_id);


--
-- Name: base_useraccount_user_permissions_useraccount_id_e696ea9e_like; Type: INDEX; Schema: public; Owner: wnhr
--

CREATE INDEX base_useraccount_user_permissions_useraccount_id_e696ea9e_like ON public.base_useraccount_user_permissions USING btree (useraccount_id varchar_pattern_ops);


--
-- Name: department_department_ManageID_id_80fba78d; Type: INDEX; Schema: public; Owner: wnhr
--

CREATE INDEX "department_department_ManageID_id_80fba78d" ON public.department_department USING btree ("ManageID_id");


--
-- Name: django_admin_log_content_type_id_c4bce8eb; Type: INDEX; Schema: public; Owner: wnhr
--

CREATE INDEX django_admin_log_content_type_id_c4bce8eb ON public.django_admin_log USING btree (content_type_id);


--
-- Name: django_admin_log_user_id_c564eba6; Type: INDEX; Schema: public; Owner: wnhr
--

CREATE INDEX django_admin_log_user_id_c564eba6 ON public.django_admin_log USING btree (user_id);


--
-- Name: django_admin_log_user_id_c564eba6_like; Type: INDEX; Schema: public; Owner: wnhr
--

CREATE INDEX django_admin_log_user_id_c564eba6_like ON public.django_admin_log USING btree (user_id varchar_pattern_ops);


--
-- Name: django_session_expire_date_a5c62663; Type: INDEX; Schema: public; Owner: wnhr
--

CREATE INDEX django_session_expire_date_a5c62663 ON public.django_session USING btree (expire_date);


--
-- Name: django_session_session_key_c0390e0f_like; Type: INDEX; Schema: public; Owner: wnhr
--

CREATE INDEX django_session_session_key_c0390e0f_like ON public.django_session USING btree (session_key varchar_pattern_ops);


--
-- Name: job_job_DepID_id_5163f813; Type: INDEX; Schema: public; Owner: wnhr
--

CREATE INDEX "job_job_DepID_id_5163f813" ON public.job_job USING btree ("DepID_id");


--
-- Name: leave_leaverequest_EmpID_id_c49cb7e1; Type: INDEX; Schema: public; Owner: wnhr
--

CREATE INDEX "leave_leaverequest_EmpID_id_c49cb7e1" ON public.leave_leaverequest USING btree ("EmpID_id");


--
-- Name: leave_leaverequest_LeaveTypeID_id_ba4d03b9; Type: INDEX; Schema: public; Owner: wnhr
--

CREATE INDEX "leave_leaverequest_LeaveTypeID_id_ba4d03b9" ON public.leave_leaverequest USING btree ("LeaveTypeID_id");


--
-- Name: salary_salaryhistory_EmpID_id_ceaf09c0; Type: INDEX; Schema: public; Owner: wnhr
--

CREATE INDEX "salary_salaryhistory_EmpID_id_ceaf09c0" ON public.salary_salaryhistory USING btree ("EmpID_id");


--
-- Name: schedule_schedule_EmpID_id_83e021af; Type: INDEX; Schema: public; Owner: wnhr
--

CREATE INDEX "schedule_schedule_EmpID_id_83e021af" ON public.schedule_schedule USING btree ("EmpID_id");


--
-- Name: schedule_schedule_WorkShift_id_73654d9a; Type: INDEX; Schema: public; Owner: wnhr
--

CREATE INDEX "schedule_schedule_WorkShift_id_73654d9a" ON public.schedule_schedule USING btree ("WorkShift_id");


--
-- Name: timesheet_timesheet_EmpID_id_4c96ccd3; Type: INDEX; Schema: public; Owner: wnhr
--

CREATE INDEX "timesheet_timesheet_EmpID_id_4c96ccd3" ON public.timesheet_timesheet USING btree ("EmpID_id");


--
-- Name: auth_group_permissions auth_group_permissio_permission_id_84c5c92e_fk_auth_perm; Type: FK CONSTRAINT; Schema: public; Owner: wnhr
--

ALTER TABLE ONLY public.auth_group_permissions
    ADD CONSTRAINT auth_group_permissio_permission_id_84c5c92e_fk_auth_perm FOREIGN KEY (permission_id) REFERENCES public.auth_permission(id) DEFERRABLE INITIALLY DEFERRED;


--
-- Name: auth_group_permissions auth_group_permissions_group_id_b120cbf9_fk_auth_group_id; Type: FK CONSTRAINT; Schema: public; Owner: wnhr
--

ALTER TABLE ONLY public.auth_group_permissions
    ADD CONSTRAINT auth_group_permissions_group_id_b120cbf9_fk_auth_group_id FOREIGN KEY (group_id) REFERENCES public.auth_group(id) DEFERRABLE INITIALLY DEFERRED;


--
-- Name: auth_permission auth_permission_content_type_id_2f476e4b_fk_django_co; Type: FK CONSTRAINT; Schema: public; Owner: wnhr
--

ALTER TABLE ONLY public.auth_permission
    ADD CONSTRAINT auth_permission_content_type_id_2f476e4b_fk_django_co FOREIGN KEY (content_type_id) REFERENCES public.django_content_type(id) DEFERRABLE INITIALLY DEFERRED;


--
-- Name: authtoken_token authtoken_token_user_id_35299eff_fk_base_useraccount_UserID; Type: FK CONSTRAINT; Schema: public; Owner: wnhr
--

ALTER TABLE ONLY public.authtoken_token
    ADD CONSTRAINT "authtoken_token_user_id_35299eff_fk_base_useraccount_UserID" FOREIGN KEY (user_id) REFERENCES public.base_useraccount("UserID") DEFERRABLE INITIALLY DEFERRED;


--
-- Name: base_employee base_employee_DepID_id_f8e0be17_fk_department_department_DepID; Type: FK CONSTRAINT; Schema: public; Owner: wnhr
--

ALTER TABLE ONLY public.base_employee
    ADD CONSTRAINT "base_employee_DepID_id_f8e0be17_fk_department_department_DepID" FOREIGN KEY ("DepID_id") REFERENCES public.department_department("DepID") DEFERRABLE INITIALLY DEFERRED;


--
-- Name: base_employee base_employee_JobID_id_383ba61e_fk_job_job_JobID; Type: FK CONSTRAINT; Schema: public; Owner: wnhr
--

ALTER TABLE ONLY public.base_employee
    ADD CONSTRAINT "base_employee_JobID_id_383ba61e_fk_job_job_JobID" FOREIGN KEY ("JobID_id") REFERENCES public.job_job("JobID") DEFERRABLE INITIALLY DEFERRED;


--
-- Name: base_employee base_employee_RoleID_id_a03ff968_fk_role_role_RoleID; Type: FK CONSTRAINT; Schema: public; Owner: wnhr
--

ALTER TABLE ONLY public.base_employee
    ADD CONSTRAINT "base_employee_RoleID_id_a03ff968_fk_role_role_RoleID" FOREIGN KEY ("RoleID_id") REFERENCES public.role_role("RoleID") DEFERRABLE INITIALLY DEFERRED;


--
-- Name: base_project base_project_manager_id_id_cbbe869f_fk_base_employee_EmpID; Type: FK CONSTRAINT; Schema: public; Owner: wnhr
--

ALTER TABLE ONLY public.base_project
    ADD CONSTRAINT "base_project_manager_id_id_cbbe869f_fk_base_employee_EmpID" FOREIGN KEY (manager_id_id) REFERENCES public.base_employee("EmpID") DEFERRABLE INITIALLY DEFERRED;


--
-- Name: base_task base_task_proj_id_id_c0f1410a_fk_base_project_proj_id; Type: FK CONSTRAINT; Schema: public; Owner: wnhr
--

ALTER TABLE ONLY public.base_task
    ADD CONSTRAINT base_task_proj_id_id_c0f1410a_fk_base_project_proj_id FOREIGN KEY (proj_id_id) REFERENCES public.base_project(proj_id) DEFERRABLE INITIALLY DEFERRED;


--
-- Name: base_task base_task_user_id_id_b9a678dc_fk_base_employee_EmpID; Type: FK CONSTRAINT; Schema: public; Owner: wnhr
--

ALTER TABLE ONLY public.base_task
    ADD CONSTRAINT "base_task_user_id_id_b9a678dc_fk_base_employee_EmpID" FOREIGN KEY (user_id_id) REFERENCES public.base_employee("EmpID") DEFERRABLE INITIALLY DEFERRED;


--
-- Name: base_useraccount base_useraccount_EmpID_id_ba2fbd9e_fk_base_employee_EmpID; Type: FK CONSTRAINT; Schema: public; Owner: wnhr
--

ALTER TABLE ONLY public.base_useraccount
    ADD CONSTRAINT "base_useraccount_EmpID_id_ba2fbd9e_fk_base_employee_EmpID" FOREIGN KEY ("EmpID_id") REFERENCES public.base_employee("EmpID") DEFERRABLE INITIALLY DEFERRED;


--
-- Name: base_useraccount_groups base_useraccount_gro_useraccount_id_70c6f6ef_fk_base_user; Type: FK CONSTRAINT; Schema: public; Owner: wnhr
--

ALTER TABLE ONLY public.base_useraccount_groups
    ADD CONSTRAINT base_useraccount_gro_useraccount_id_70c6f6ef_fk_base_user FOREIGN KEY (useraccount_id) REFERENCES public.base_useraccount("UserID") DEFERRABLE INITIALLY DEFERRED;


--
-- Name: base_useraccount_groups base_useraccount_groups_group_id_d0605ba2_fk_auth_group_id; Type: FK CONSTRAINT; Schema: public; Owner: wnhr
--

ALTER TABLE ONLY public.base_useraccount_groups
    ADD CONSTRAINT base_useraccount_groups_group_id_d0605ba2_fk_auth_group_id FOREIGN KEY (group_id) REFERENCES public.auth_group(id) DEFERRABLE INITIALLY DEFERRED;


--
-- Name: base_useraccount_user_permissions base_useraccount_use_permission_id_555616a9_fk_auth_perm; Type: FK CONSTRAINT; Schema: public; Owner: wnhr
--

ALTER TABLE ONLY public.base_useraccount_user_permissions
    ADD CONSTRAINT base_useraccount_use_permission_id_555616a9_fk_auth_perm FOREIGN KEY (permission_id) REFERENCES public.auth_permission(id) DEFERRABLE INITIALLY DEFERRED;


--
-- Name: base_useraccount_user_permissions base_useraccount_use_useraccount_id_e696ea9e_fk_base_user; Type: FK CONSTRAINT; Schema: public; Owner: wnhr
--

ALTER TABLE ONLY public.base_useraccount_user_permissions
    ADD CONSTRAINT base_useraccount_use_useraccount_id_e696ea9e_fk_base_user FOREIGN KEY (useraccount_id) REFERENCES public.base_useraccount("UserID") DEFERRABLE INITIALLY DEFERRED;


--
-- Name: department_department department_departmen_ManageID_id_80fba78d_fk_base_empl; Type: FK CONSTRAINT; Schema: public; Owner: wnhr
--

ALTER TABLE ONLY public.department_department
    ADD CONSTRAINT "department_departmen_ManageID_id_80fba78d_fk_base_empl" FOREIGN KEY ("ManageID_id") REFERENCES public.base_employee("EmpID") DEFERRABLE INITIALLY DEFERRED;


--
-- Name: django_admin_log django_admin_log_content_type_id_c4bce8eb_fk_django_co; Type: FK CONSTRAINT; Schema: public; Owner: wnhr
--

ALTER TABLE ONLY public.django_admin_log
    ADD CONSTRAINT django_admin_log_content_type_id_c4bce8eb_fk_django_co FOREIGN KEY (content_type_id) REFERENCES public.django_content_type(id) DEFERRABLE INITIALLY DEFERRED;


--
-- Name: django_admin_log django_admin_log_user_id_c564eba6_fk_base_useraccount_UserID; Type: FK CONSTRAINT; Schema: public; Owner: wnhr
--

ALTER TABLE ONLY public.django_admin_log
    ADD CONSTRAINT "django_admin_log_user_id_c564eba6_fk_base_useraccount_UserID" FOREIGN KEY (user_id) REFERENCES public.base_useraccount("UserID") DEFERRABLE INITIALLY DEFERRED;


--
-- Name: job_job job_job_DepID_id_5163f813_fk_department_department_DepID; Type: FK CONSTRAINT; Schema: public; Owner: wnhr
--

ALTER TABLE ONLY public.job_job
    ADD CONSTRAINT "job_job_DepID_id_5163f813_fk_department_department_DepID" FOREIGN KEY ("DepID_id") REFERENCES public.department_department("DepID") DEFERRABLE INITIALLY DEFERRED;


--
-- Name: leave_leaverequest leave_leaverequest_EmpID_id_c49cb7e1_fk_base_employee_EmpID; Type: FK CONSTRAINT; Schema: public; Owner: wnhr
--

ALTER TABLE ONLY public.leave_leaverequest
    ADD CONSTRAINT "leave_leaverequest_EmpID_id_c49cb7e1_fk_base_employee_EmpID" FOREIGN KEY ("EmpID_id") REFERENCES public.base_employee("EmpID") DEFERRABLE INITIALLY DEFERRED;


--
-- Name: leave_leaverequest leave_leaverequest_LeaveTypeID_id_ba4d03b9_fk_leave_typ; Type: FK CONSTRAINT; Schema: public; Owner: wnhr
--

ALTER TABLE ONLY public.leave_leaverequest
    ADD CONSTRAINT "leave_leaverequest_LeaveTypeID_id_ba4d03b9_fk_leave_typ" FOREIGN KEY ("LeaveTypeID_id") REFERENCES public.leave_type_leavetype("LeaveTypeID") DEFERRABLE INITIALLY DEFERRED;


--
-- Name: salary_salaryhistory salary_salaryhistory_EmpID_id_ceaf09c0_fk_base_employee_EmpID; Type: FK CONSTRAINT; Schema: public; Owner: wnhr
--

ALTER TABLE ONLY public.salary_salaryhistory
    ADD CONSTRAINT "salary_salaryhistory_EmpID_id_ceaf09c0_fk_base_employee_EmpID" FOREIGN KEY ("EmpID_id") REFERENCES public.base_employee("EmpID") DEFERRABLE INITIALLY DEFERRED;


--
-- Name: schedule_schedule schedule_schedule_EmpID_id_83e021af_fk_base_employee_EmpID; Type: FK CONSTRAINT; Schema: public; Owner: wnhr
--

ALTER TABLE ONLY public.schedule_schedule
    ADD CONSTRAINT "schedule_schedule_EmpID_id_83e021af_fk_base_employee_EmpID" FOREIGN KEY ("EmpID_id") REFERENCES public.base_employee("EmpID") DEFERRABLE INITIALLY DEFERRED;


--
-- Name: schedule_schedule schedule_schedule_WorkShift_id_73654d9a_fk_schedule_; Type: FK CONSTRAINT; Schema: public; Owner: wnhr
--

ALTER TABLE ONLY public.schedule_schedule
    ADD CONSTRAINT "schedule_schedule_WorkShift_id_73654d9a_fk_schedule_" FOREIGN KEY ("WorkShift_id") REFERENCES public.schedule_workshift(id) DEFERRABLE INITIALLY DEFERRED;


--
-- Name: timesheet_timesheet timesheet_timesheet_EmpID_id_4c96ccd3_fk_base_employee_EmpID; Type: FK CONSTRAINT; Schema: public; Owner: wnhr
--

ALTER TABLE ONLY public.timesheet_timesheet
    ADD CONSTRAINT "timesheet_timesheet_EmpID_id_4c96ccd3_fk_base_employee_EmpID" FOREIGN KEY ("EmpID_id") REFERENCES public.base_employee("EmpID") DEFERRABLE INITIALLY DEFERRED;


--
-- PostgreSQL database dump complete
--

